text,vectors
Who won the 2022 soccer world cup?,"[array([ 0.76222  ,  0.4244   ,  0.52142  , -0.17333  ,  0.88267  ,
       -0.34731  ,  0.56977  ,  0.56831  , -1.1566   , -0.1112   ,
        0.65045  , -0.327    , -0.59486  , -0.11525  , -0.61917  ,
       -0.26306  ,  0.099659 ,  0.19816  , -0.029884 ,  0.51016  ,
        1.0697   ,  0.43445  ,  0.73357  ,  0.4988   ,  0.7165   ,
       -0.68969  , -0.17862  , -0.82457  ,  1.2123   , -1.0012   ,
       -0.10805  ,  0.79784  , -0.0074444,  0.31013  ,  0.52086  ,
       -0.33906  , -0.24449  ,  1.4257   , -1.3048   ,  0.64268  ,
       -0.064299 , -0.52785  ,  0.24627  , -0.71255  ,  0.15777  ,
       -0.37284  ,  0.76634  , -0.83944  ,  0.38903  , -0.72386  ,
       -1.0251   , -0.39154  ,  0.77334  ,  1.0487   ,  0.077734 ,
       -2.3149   ,  0.22371  ,  0.60979  ,  0.45228  ,  0.28971  ,
       -0.1929   ,  0.023149 , -0.74615  ,  0.7548   ,  0.62112  ,
       -0.034022 ,  0.016985 ,  1.0178   , -0.14847  ,  0.47618  ,
       -0.18533  ,  0.8837   , -0.76806  ,  0.42934  , -0.4407   ,
        0.50914  , -0.99371  , -0.0265   , -1.0665   , -0.27986  ,
        0.61159  , -0.067872 , -0.14687  , -0.029796 , -0.60673  ,
       -0.29901  , -0.37141  ,  0.31543  ,  0.59648  ,  0.055415 ,
       -0.078148 , -0.21809  , -0.020038 ,  1.0129   , -0.51481  ,
        0.45144  , -0.59261  ,  0.52001  ,  0.5746   ,  0.25853  ],
      dtype=float32), array([-0.038194, -0.24487 ,  0.72812 , -0.39961 ,  0.083172,  0.043953,
       -0.39141 ,  0.3344  , -0.57545 ,  0.087459,  0.28787 , -0.06731 ,
        0.30906 , -0.26384 , -0.13231 , -0.20757 ,  0.33395 , -0.33848 ,
       -0.31743 , -0.48336 ,  0.1464  , -0.37304 ,  0.34577 ,  0.052041,
        0.44946 , -0.46971 ,  0.02628 , -0.54155 , -0.15518 , -0.14107 ,
       -0.039722,  0.28277 ,  0.14393 ,  0.23464 , -0.31021 ,  0.086173,
        0.20397 ,  0.52624 ,  0.17164 , -0.082378, -0.71787 , -0.41531 ,
        0.20335 , -0.12763 ,  0.41367 ,  0.55187 ,  0.57908 , -0.33477 ,
       -0.36559 , -0.54857 , -0.062892,  0.26584 ,  0.30205 ,  0.99775 ,
       -0.80481 , -3.0243  ,  0.01254 , -0.36942 ,  2.2167  ,  0.72201 ,
       -0.24978 ,  0.92136 ,  0.034514,  0.46745 ,  1.1079  , -0.19358 ,
       -0.074575,  0.23353 , -0.052062, -0.22044 ,  0.057162, -0.15806 ,
       -0.30798 , -0.41625 ,  0.37972 ,  0.15006 , -0.53212 , -0.2055  ,
       -1.2526  ,  0.071624,  0.70565 ,  0.49744 , -0.42063 ,  0.26148 ,
       -1.538   , -0.30223 , -0.073438, -0.28312 ,  0.37104 , -0.25217 ,
        0.016215, -0.017099, -0.38984 ,  0.87424 , -0.72569 , -0.51058 ,
       -0.52028 , -0.1459  ,  0.8278  ,  0.27062 ], dtype=float32), array([ 0.26272 ,  1.0139  ,  0.78037 , -1.1045  ,  0.19355 , -0.17989 ,
        0.086884,  0.58232 , -0.10396 , -0.22539 ,  0.39864 , -0.19631 ,
        0.4168  , -0.92819 , -0.26092 , -0.58909 , -0.27607 ,  0.62621 ,
        0.39902 , -0.48711 , -1.2376  ,  0.27878 ,  1.4362  ,  0.58162 ,
        0.2576  ,  0.37012 ,  0.23015 ,  0.54085 ,  0.37962 ,  0.21392 ,
       -0.38712 ,  0.46963 , -0.34352 , -0.91173 ,  1.1532  ,  0.9356  ,
       -0.8068  , -0.2504  , -1.7149  ,  0.39517 , -0.035875, -0.42683 ,
       -0.57378 ,  0.28087 , -0.12131 ,  0.93533 ,  0.16183 , -0.68085 ,
       -0.70561 , -0.76928 , -1.0109  , -0.032819,  0.2634  ,  0.50914 ,
       -0.8538  , -0.22266 ,  0.11935 , -0.5393  , -0.54884 , -0.67309 ,
       -0.67783 , -0.2508  ,  0.17027 , -0.15119 ,  1.0093  , -0.010865,
       -1.448   , -0.04782 , -0.2654  , -0.99159 , -0.3605  , -0.61479 ,
       -0.054335,  0.32649 , -0.92883 ,  0.70882 ,  0.30718 , -1.116   ,
       -0.92411 ,  0.91828 ,  0.63399 , -0.57751 ,  0.12093 ,  0.99404 ,
        1.0657  ,  0.32369 , -0.29872 ,  0.81408 ,  0.80178 ,  0.2312  ,
        0.071893,  1.2256  , -0.02647 ,  0.16621 ,  0.077692,  0.54598 ,
        0.16243 ,  0.48345 , -0.20084 , -0.42692 ], dtype=float32), array([ 8.3777e-01,  5.1890e-01,  6.4015e-01, -6.2606e-01, -9.7474e-01,
        1.0127e+00,  6.2729e-02,  4.4316e-01, -8.3299e-01,  7.9888e-02,
       -1.1815e-02, -1.1265e+00,  1.2554e-01, -3.4206e-01, -5.1422e-01,
        3.8526e-01,  1.0032e+00, -1.5172e-03, -2.2684e-01,  3.5658e-01,
       -6.2449e-01,  8.7271e-01,  3.6670e-01,  4.6462e-01, -1.0046e-01,
       -4.4798e-01, -2.1813e-01, -5.6423e-01,  5.6665e-01,  5.1601e-01,
       -5.6511e-01,  7.1919e-01, -6.5347e-01, -9.5952e-02,  5.6028e-01,
       -4.9956e-01, -7.4757e-01,  6.8516e-01, -1.4518e+00, -1.1207e-01,
        1.0241e-01,  3.0537e-02,  1.1326e-02, -8.6873e-01,  6.3622e-01,
        4.9539e-01,  3.0538e-01,  7.7133e-02,  7.4048e-02, -7.1163e-01,
       -1.9159e-01, -3.4168e-01, -4.7185e-01,  5.6794e-01,  3.7454e-01,
       -1.9207e+00, -8.6040e-01,  5.7058e-01,  1.0700e+00,  9.2101e-01,
       -6.4825e-01,  5.3516e-01, -1.5556e-01, -9.0021e-01, -1.7459e-01,
        3.3146e-02, -5.7512e-01,  2.9963e-01, -4.0008e-01, -1.0765e-01,
        4.1384e-01, -7.2178e-01,  1.1442e-01, -2.1291e-01,  5.4949e-02,
        1.3213e-01,  7.8766e-01,  8.9291e-02, -6.6689e-01,  3.3998e-01,
        9.7163e-01, -8.4871e-02,  1.7542e-01, -4.6039e-01, -8.5885e-02,
       -7.5960e-01, -1.5071e+00,  2.1545e-01,  2.1209e-01, -4.4837e-01,
       -2.5882e-01,  3.3814e-01, -4.7979e-01,  2.1059e-01,  2.3621e-01,
       -3.6699e-01, -8.1440e-01,  5.4515e-01,  9.7946e-01,  2.3367e-01],
      dtype=float32), array([ 4.9177e-01,  1.1164e+00,  1.1424e+00,  1.4381e-01, -1.0696e-01,
       -4.6727e-01, -4.4374e-01, -8.8024e-03, -5.0406e-01, -2.0549e-01,
        5.0910e-01, -6.0904e-01,  2.0980e-01, -4.4836e-01, -7.0383e-01,
        2.1516e-01,  6.6189e-01,  3.4620e-01, -8.9294e-01, -4.8032e-01,
        4.3069e-01,  3.5697e-01,  8.4277e-01,  5.2344e-01,  8.2065e-01,
        5.3183e-04,  2.4835e-01, -2.0887e-01,  8.1657e-01,  2.5048e-01,
       -7.4761e-01, -1.1309e-02, -4.7481e-01,  6.4520e-02,  5.4517e-01,
        2.0714e-01, -4.6237e-01,  1.0724e+00, -1.0526e+00, -1.5567e-01,
       -7.9339e-01, -2.8366e-02,  1.0138e-01, -2.0909e-01,  4.5513e-01,
        4.7330e-01,  6.8859e-01, -2.3840e-01, -5.5178e-02, -8.3022e-01,
       -4.7127e-01,  2.2713e-01,  4.2651e-02,  1.1273e+00, -8.4776e-02,
       -3.0378e+00, -1.8389e-01,  7.8244e-01,  1.6395e+00,  7.6146e-01,
       -1.4258e-01,  6.5115e-01, -1.3549e-02, -5.1465e-01,  6.6951e-01,
       -3.4464e-01, -1.4525e-01,  4.9258e-01,  8.0085e-01, -5.4971e-01,
        3.9657e-01, -4.8571e-01, -4.3846e-01,  3.3180e-01,  1.0356e-01,
       -2.8987e-02,  1.0896e-01, -4.5671e-01, -1.1150e+00, -8.2366e-02,
        1.0186e+00,  3.0639e-02, -3.7162e-01,  1.0742e+00, -1.0642e+00,
       -2.0298e-01, -9.8434e-01, -3.2040e-01,  1.5969e-01, -1.7910e-01,
        2.1325e-01,  4.7155e-01,  6.8247e-01,  1.3784e-01, -1.0704e-01,
       -1.8294e-01, -4.0082e-01, -5.0885e-01,  6.2556e-01,  4.3917e-01],
      dtype=float32)]"
When did Sweden join NATO?,"[array([ 3.0449e-01, -1.9628e-01,  2.0225e-01, -6.1687e-01, -6.8484e-01,
       -1.1887e-01,  8.1626e-02,  1.8906e-01,  2.2438e-01,  3.3433e-02,
        2.4649e-01,  1.0935e-01,  5.4269e-02,  1.7402e-01, -2.4224e-01,
       -1.7824e-01,  1.5826e-01,  6.3200e-01, -8.5981e-01,  3.2896e-01,
        3.3270e-01, -6.3516e-02,  4.8307e-02, -3.8986e-02, -1.5840e-01,
       -1.1808e-01, -4.8404e-01, -8.4780e-01,  5.8427e-01, -4.6182e-01,
        2.0295e-01,  8.6363e-01, -1.0949e-01,  3.2921e-01, -7.0915e-02,
        5.9007e-01, -2.7524e-02,  5.7970e-01,  3.0800e-02, -3.8447e-02,
       -5.7680e-01,  1.9498e-01, -1.2224e-01, -3.8470e-01, -5.1111e-01,
       -2.3528e-01,  4.9282e-01, -7.9400e-01,  8.4030e-02, -1.5505e+00,
        1.8491e-01,  2.6173e-01,  2.0716e-01,  9.1648e-01, -9.9980e-04,
       -2.4516e+00, -2.4172e-01, -1.9730e-01,  1.2655e+00,  1.0784e+00,
       -4.7938e-01,  9.5467e-01, -4.1407e-01,  9.3636e-02,  1.0538e+00,
       -9.9137e-02,  6.0201e-01,  6.9952e-01, -5.0105e-01, -4.9146e-02,
       -2.3436e-01, -4.9729e-01,  2.2624e-02, -6.9352e-01,  8.5958e-03,
        1.0715e-01, -3.0272e-01,  3.8256e-02, -8.0478e-01,  4.3408e-02,
        5.1528e-01, -3.9395e-01, -4.4114e-01, -1.3670e-01, -1.7644e+00,
       -6.5928e-01,  3.4359e-01, -8.8928e-02, -2.9006e-01, -7.1052e-02,
        1.9439e-01, -6.2846e-01, -8.8072e-03, -8.5936e-03, -6.4929e-01,
       -3.5085e-02, -3.7907e-01, -1.8385e-01, -1.2432e-01,  2.7468e-01],
      dtype=float32), array([-0.14029  ,  0.41191  , -0.26948  , -0.43433  ,  0.28881  ,
        0.19042  , -0.19125  ,  0.13532  , -0.21433  , -0.13725  ,
       -0.028824 , -0.42016  ,  0.14375  , -0.29691  , -0.46966  ,
       -0.73459  ,  0.61599  , -0.043419 , -0.61953  ,  0.0036096,
       -0.24429  , -0.22816  ,  0.07317  ,  0.040103 ,  0.08955  ,
       -0.15041  , -0.097695 , -0.56609  ,  1.5674   , -0.16712  ,
       -0.83527  ,  0.87894  ,  0.11907  , -0.53479  ,  0.5069   ,
        0.45844  ,  0.78871  , -0.31636  , -0.20366  , -0.1378   ,
       -0.97216  ,  0.077896 ,  0.39     , -0.25077  ,  0.1337   ,
        0.28206  , -0.20052  ,  0.39782  ,  0.096338 , -0.5235   ,
        0.03113  ,  0.16295  , -0.26507  ,  0.41499  , -0.018133 ,
       -2.1257   , -0.046183 , -0.71385  ,  1.2235   ,  0.74071  ,
       -0.095616 ,  0.30172  ,  0.065915 , -0.17511  ,  0.39778  ,
        0.41891  , -0.54643  ,  1.2686   , -0.091582 , -0.087319 ,
        0.31915  , -0.62008  , -1.1096   , -1.2698   , -0.36726  ,
       -0.038479 , -0.34092  , -0.25043  , -0.43951  , -0.48283  ,
        0.74463  ,  0.1155   , -0.048368 , -0.12991  , -0.7781   ,
       -0.064321 , -0.069808 ,  0.68951  ,  0.32031  , -0.0081042,
       -0.074579 , -0.30561  , -0.28999  , -0.033062 , -0.60142  ,
       -0.43481  ,  0.031676 ,  0.67216  ,  0.55366  , -0.070649 ],
      dtype=float32)]"
Who joined NATO in 2023?,"[array([-0.12698 , -0.093075, -0.9536  , -0.55698 ,  0.51143 ,  0.32834 ,
        0.090763, -0.093861, -0.50727 , -0.21266 ,  0.47084 , -1.0599  ,
        0.15163 ,  0.16528 , -0.23039 , -0.85193 ,  0.78565 , -0.32287 ,
       -0.26085 , -0.29345 ,  0.061767,  0.17608 ,  0.46607 , -0.045075,
        0.092351, -0.22018 , -0.13848 , -0.24778 ,  1.0508  ,  0.20104 ,
       -0.24069 ,  1.1118  , -0.070055, -0.44012 , -0.076727,  0.1165  ,
        0.40185 ,  0.42204 ,  0.091994, -0.046408, -0.93252 , -0.17492 ,
        0.44463 ,  0.085055,  0.67012 ,  0.26395 ,  0.017371,  0.048009,
        0.52083 , -0.1476  , -0.10247 , -0.14148 ,  0.03006 ,  0.45369 ,
       -0.30009 , -2.0631  , -0.33226 , -0.4384  ,  0.31247 ,  1.2543  ,
        0.26635 ,  0.26171 , -0.037646,  0.056341,  0.30279 ,  0.027294,
       -0.29246 ,  0.86035 ,  0.32206 ,  0.89456 ,  0.1529  ,  0.25052 ,
       -0.84501 , -0.57226 , -0.72766 , -0.040301, -0.15083 , -0.15229 ,
       -0.78201 , -0.6859  ,  0.62207 ,  0.025094,  0.024965,  0.049823,
       -0.7924  , -0.4723  , -0.23265 ,  0.20127 ,  0.089671, -0.13257 ,
       -0.17534 , -0.94469 , -0.3248  ,  0.84074 , -0.74962 , -0.10328 ,
       -0.50997 ,  0.65657 ,  0.45568 , -0.18847 ], dtype=float32), array([ 0.085703, -0.22201 ,  0.16569 ,  0.13373 ,  0.38239 ,  0.35401 ,
        0.01287 ,  0.22461 , -0.43817 ,  0.50164 , -0.35874 , -0.34983 ,
        0.055156,  0.69648 , -0.17958 ,  0.067926,  0.39101 ,  0.16039 ,
       -0.26635 , -0.21138 ,  0.53698 ,  0.49379 ,  0.9366  ,  0.66902 ,
        0.21793 , -0.46642 ,  0.22383 , -0.36204 , -0.17656 ,  0.1748  ,
       -0.20367 ,  0.13931 ,  0.019832, -0.10413 , -0.20244 ,  0.55003 ,
       -0.1546  ,  0.98655 , -0.26863 , -0.2909  , -0.32866 , -0.34188 ,
       -0.16943 , -0.42001 , -0.046727, -0.16327 ,  0.70824 , -0.74911 ,
       -0.091559, -0.96178 , -0.19747 ,  0.10282 ,  0.55221 ,  1.3816  ,
       -0.65636 , -3.2502  , -0.31556 , -1.2055  ,  1.7709  ,  0.4026  ,
       -0.79827 ,  1.1597  , -0.33042 ,  0.31382 ,  0.77386 ,  0.22595 ,
        0.52471 , -0.034053,  0.32048 ,  0.079948,  0.17752 , -0.49426 ,
       -0.70045 , -0.44569 ,  0.17244 ,  0.20278 ,  0.023292, -0.20677 ,
       -1.0158  ,  0.18325 ,  0.56752 ,  0.31821 , -0.65011 ,  0.68277 ,
       -0.86585 , -0.059392, -0.29264 , -0.55668 , -0.34705 , -0.32895 ,
        0.40215 , -0.12746 , -0.20228 ,  0.87368 , -0.545   ,  0.79205 ,
       -0.20695 , -0.074273,  0.75808 , -0.34243 ], dtype=float32)]"
Who joined NATO in 2024?,"[array([-0.12698 , -0.093075, -0.9536  , -0.55698 ,  0.51143 ,  0.32834 ,
        0.090763, -0.093861, -0.50727 , -0.21266 ,  0.47084 , -1.0599  ,
        0.15163 ,  0.16528 , -0.23039 , -0.85193 ,  0.78565 , -0.32287 ,
       -0.26085 , -0.29345 ,  0.061767,  0.17608 ,  0.46607 , -0.045075,
        0.092351, -0.22018 , -0.13848 , -0.24778 ,  1.0508  ,  0.20104 ,
       -0.24069 ,  1.1118  , -0.070055, -0.44012 , -0.076727,  0.1165  ,
        0.40185 ,  0.42204 ,  0.091994, -0.046408, -0.93252 , -0.17492 ,
        0.44463 ,  0.085055,  0.67012 ,  0.26395 ,  0.017371,  0.048009,
        0.52083 , -0.1476  , -0.10247 , -0.14148 ,  0.03006 ,  0.45369 ,
       -0.30009 , -2.0631  , -0.33226 , -0.4384  ,  0.31247 ,  1.2543  ,
        0.26635 ,  0.26171 , -0.037646,  0.056341,  0.30279 ,  0.027294,
       -0.29246 ,  0.86035 ,  0.32206 ,  0.89456 ,  0.1529  ,  0.25052 ,
       -0.84501 , -0.57226 , -0.72766 , -0.040301, -0.15083 , -0.15229 ,
       -0.78201 , -0.6859  ,  0.62207 ,  0.025094,  0.024965,  0.049823,
       -0.7924  , -0.4723  , -0.23265 ,  0.20127 ,  0.089671, -0.13257 ,
       -0.17534 , -0.94469 , -0.3248  ,  0.84074 , -0.74962 , -0.10328 ,
       -0.50997 ,  0.65657 ,  0.45568 , -0.18847 ], dtype=float32), array([ 0.085703, -0.22201 ,  0.16569 ,  0.13373 ,  0.38239 ,  0.35401 ,
        0.01287 ,  0.22461 , -0.43817 ,  0.50164 , -0.35874 , -0.34983 ,
        0.055156,  0.69648 , -0.17958 ,  0.067926,  0.39101 ,  0.16039 ,
       -0.26635 , -0.21138 ,  0.53698 ,  0.49379 ,  0.9366  ,  0.66902 ,
        0.21793 , -0.46642 ,  0.22383 , -0.36204 , -0.17656 ,  0.1748  ,
       -0.20367 ,  0.13931 ,  0.019832, -0.10413 , -0.20244 ,  0.55003 ,
       -0.1546  ,  0.98655 , -0.26863 , -0.2909  , -0.32866 , -0.34188 ,
       -0.16943 , -0.42001 , -0.046727, -0.16327 ,  0.70824 , -0.74911 ,
       -0.091559, -0.96178 , -0.19747 ,  0.10282 ,  0.55221 ,  1.3816  ,
       -0.65636 , -3.2502  , -0.31556 , -1.2055  ,  1.7709  ,  0.4026  ,
       -0.79827 ,  1.1597  , -0.33042 ,  0.31382 ,  0.77386 ,  0.22595 ,
        0.52471 , -0.034053,  0.32048 ,  0.079948,  0.17752 , -0.49426 ,
       -0.70045 , -0.44569 ,  0.17244 ,  0.20278 ,  0.023292, -0.20677 ,
       -1.0158  ,  0.18325 ,  0.56752 ,  0.31821 , -0.65011 ,  0.68277 ,
       -0.86585 , -0.059392, -0.29264 , -0.55668 , -0.34705 , -0.32895 ,
        0.40215 , -0.12746 , -0.20228 ,  0.87368 , -0.545   ,  0.79205 ,
       -0.20695 , -0.074273,  0.75808 , -0.34243 ], dtype=float32)]"
Which is the 31st member of NATO?,"[array([-0.54264  ,  0.41476  ,  1.0322   , -0.40244  ,  0.46691  ,
        0.21816  , -0.074864 ,  0.47332  ,  0.080996 , -0.22079  ,
       -0.12808  , -0.1144   ,  0.50891  ,  0.11568  ,  0.028211 ,
       -0.3628   ,  0.43823  ,  0.047511 ,  0.20282  ,  0.49857  ,
       -0.10068  ,  0.13269  ,  0.16972  ,  0.11653  ,  0.31355  ,
        0.25713  ,  0.092783 , -0.56826  , -0.52975  , -0.051456 ,
       -0.67326  ,  0.92533  ,  0.2693   ,  0.22734  ,  0.66365  ,
        0.26221  ,  0.19719  ,  0.2609   ,  0.18774  , -0.3454   ,
       -0.42635  ,  0.13975  ,  0.56338  , -0.56907  ,  0.12398  ,
       -0.12894  ,  0.72484  , -0.26105  , -0.26314  , -0.43605  ,
        0.078908 , -0.84146  ,  0.51595  ,  1.3997   , -0.7646   ,
       -3.1453   , -0.29202  , -0.31247  ,  1.5129   ,  0.52435  ,
        0.21456  ,  0.42452  , -0.088411 , -0.17805  ,  1.1876   ,
        0.10579  ,  0.76571  ,  0.21914  ,  0.35824  , -0.11636  ,
        0.093261 , -0.62483  , -0.21898  ,  0.21796  ,  0.74056  ,
       -0.43735  ,  0.14343  ,  0.14719  , -1.1605   , -0.050508 ,
        0.12677  , -0.014395 , -0.98676  , -0.091297 , -1.2054   ,
       -0.11974  ,  0.047847 , -0.54001  ,  0.52457  , -0.70963  ,
       -0.32528  , -0.1346   , -0.41314  ,  0.33435  , -0.0072412,
        0.32253  , -0.044219 , -1.2969   ,  0.76217  ,  0.46349  ],
      dtype=float32), array([-0.038194, -0.24487 ,  0.72812 , -0.39961 ,  0.083172,  0.043953,
       -0.39141 ,  0.3344  , -0.57545 ,  0.087459,  0.28787 , -0.06731 ,
        0.30906 , -0.26384 , -0.13231 , -0.20757 ,  0.33395 , -0.33848 ,
       -0.31743 , -0.48336 ,  0.1464  , -0.37304 ,  0.34577 ,  0.052041,
        0.44946 , -0.46971 ,  0.02628 , -0.54155 , -0.15518 , -0.14107 ,
       -0.039722,  0.28277 ,  0.14393 ,  0.23464 , -0.31021 ,  0.086173,
        0.20397 ,  0.52624 ,  0.17164 , -0.082378, -0.71787 , -0.41531 ,
        0.20335 , -0.12763 ,  0.41367 ,  0.55187 ,  0.57908 , -0.33477 ,
       -0.36559 , -0.54857 , -0.062892,  0.26584 ,  0.30205 ,  0.99775 ,
       -0.80481 , -3.0243  ,  0.01254 , -0.36942 ,  2.2167  ,  0.72201 ,
       -0.24978 ,  0.92136 ,  0.034514,  0.46745 ,  1.1079  , -0.19358 ,
       -0.074575,  0.23353 , -0.052062, -0.22044 ,  0.057162, -0.15806 ,
       -0.30798 , -0.41625 ,  0.37972 ,  0.15006 , -0.53212 , -0.2055  ,
       -1.2526  ,  0.071624,  0.70565 ,  0.49744 , -0.42063 ,  0.26148 ,
       -1.538   , -0.30223 , -0.073438, -0.28312 ,  0.37104 , -0.25217 ,
        0.016215, -0.017099, -0.38984 ,  0.87424 , -0.72569 , -0.51058 ,
       -0.52028 , -0.1459  ,  0.8278  ,  0.27062 ], dtype=float32), array([ 0.29287  , -0.99753  ,  0.77503  , -0.11007  ,  0.63498  ,
        0.17817  ,  0.57781  , -0.11215  , -0.95422  ,  0.60975  ,
        0.56136  , -0.87708  , -0.035005 , -0.80695  , -0.12107  ,
        0.30813  ,  0.1312   , -0.36342  , -0.25672  , -0.8336   ,
        0.43161  , -0.0096704,  1.3346   ,  0.71563  ,  0.14972  ,
       -0.056611 , -0.059682 ,  0.34033  ,  0.95229  , -0.33804  ,
       -1.0653   ,  0.36099  ,  0.31068  , -0.17586  , -0.069787 ,
        0.14677  , -1.0351   ,  0.11703  , -0.069572 ,  0.4553   ,
        0.66372  ,  0.39795  ,  0.42766  ,  0.23162  ,  0.30711  ,
        0.22105  ,  0.20476  , -0.14268  , -0.13632  , -0.28453  ,
       -0.40647  , -0.36984  , -0.97314  , -0.040937 , -1.0865   ,
       -0.80035  ,  0.11886  , -0.14487  ,  0.60068  ,  0.13314  ,
       -0.80408  ,  0.75954  , -0.056073 ,  0.58358  , -0.10024  ,
       -0.12591  , -0.60312  , -0.074436 , -0.18484  , -0.1407   ,
        0.77228  ,  0.098533 , -0.043716 , -0.26094  ,  0.04088  ,
        0.43127  , -0.67563  , -0.48518  , -0.17853  , -0.0043404,
       -0.29589  ,  0.18671  , -0.23983  ,  0.43333  , -0.26712  ,
       -0.81648  ,  0.071579 , -0.05212  ,  1.0889   , -0.050191 ,
       -0.62242  , -0.24191  ,  0.065894 ,  0.5633   , -0.68914  ,
       -0.066901 ,  1.2848   , -0.062248 , -0.45587  , -0.22549  ],
      dtype=float32), array([-0.065639 , -0.13032  ,  0.20153  , -0.7977   ,  0.70038  ,
       -0.004291 ,  0.10403  ,  0.10836  , -0.34983  , -0.0046581,
        0.066052 , -0.89331  ,  0.62866  ,  0.43761  , -0.53883  ,
       -0.31933  ,  0.58638  , -0.58586  , -0.71482  ,  0.19345  ,
       -0.35877  ,  0.3128   ,  0.066406 , -0.64419  , -0.1961   ,
       -0.71151  ,  0.06303  , -0.916    ,  1.0616   ,  0.87084  ,
        0.036968 ,  0.89208  , -0.12645  , -0.32368  , -0.20553  ,
       -0.11166  ,  0.59213  ,  0.51117  ,  0.11003  , -0.084943 ,
       -1.1602   ,  0.17524  ,  1.1238   , -0.20649  ,  0.32763  ,
        0.15242  , -0.22726  , -0.32355  , -0.62746  , -0.074762 ,
       -0.50454  , -0.46012  ,  0.075323 ,  0.26468  , -0.52413  ,
       -1.969    ,  0.052213 , -0.47241  ,  1.2801   ,  1.1208   ,
       -0.09857  ,  0.022901 , -0.07832  ,  0.5694   ,  0.88665  ,
       -0.204    , -0.089734 ,  1.0919   ,  1.0696   ,  0.12396  ,
        0.69895  , -0.46614  , -0.39356  , -0.38662  , -0.0754   ,
       -0.12359  , -0.38824  , -0.87877  , -0.85927  , -0.74879  ,
        0.10823  ,  0.011827 ,  0.36351  , -0.32309  , -1.0109   ,
       -0.40791  , -0.06063  , -0.091592 ,  0.88296  , -0.38856  ,
        0.12382  , -0.29064  , -0.0040997,  0.85587  , -0.26809  ,
        0.29908  , -0.24971  , -0.39891  ,  0.51296  , -0.69971  ],
      dtype=float32), array([-0.1529  , -0.24279 ,  0.89837 ,  0.16996 ,  0.53516 ,  0.48784 ,
       -0.58826 , -0.17982 , -1.3581  ,  0.42541 ,  0.15377 ,  0.24215 ,
        0.13474 ,  0.41193 ,  0.67043 , -0.56418 ,  0.42985 , -0.012183,
       -0.11677 ,  0.31781 ,  0.054177, -0.054273,  0.35516 , -0.30241 ,
        0.31434 , -0.33846 ,  0.71715 , -0.26855 , -0.15837 , -0.47467 ,
        0.051581, -0.33252 ,  0.15003 , -0.1299  , -0.54617 , -0.37843 ,
        0.64261 ,  0.82187 , -0.080006,  0.078479, -0.96976 , -0.57741 ,
        0.56491 , -0.39873 , -0.057099,  0.19743 ,  0.065706, -0.48092 ,
       -0.20125 , -0.40834 ,  0.39456 , -0.02642 , -0.11838 ,  1.012   ,
       -0.53171 , -2.7474  , -0.042981, -0.74849 ,  1.7574  ,  0.59085 ,
        0.04885 ,  0.78267 ,  0.38497 ,  0.42097 ,  0.67882 ,  0.10337 ,
        0.6328  , -0.026595,  0.58647 , -0.44332 ,  0.33057 , -0.12022 ,
       -0.55645 ,  0.073611,  0.20915 ,  0.43395 , -0.012761,  0.089874,
       -1.7991  ,  0.084808,  0.77112 ,  0.63105 , -0.90685 ,  0.60326 ,
       -1.7515  ,  0.18596 , -0.50687 , -0.70203 ,  0.66578 , -0.81304 ,
        0.18712 , -0.018488, -0.26757 ,  0.727   , -0.59363 , -0.34839 ,
       -0.56094 , -0.591   ,  1.0039  ,  0.20664 ], dtype=float32)]"
Which is the 32nd member of NATO?,"[array([-0.54264  ,  0.41476  ,  1.0322   , -0.40244  ,  0.46691  ,
        0.21816  , -0.074864 ,  0.47332  ,  0.080996 , -0.22079  ,
       -0.12808  , -0.1144   ,  0.50891  ,  0.11568  ,  0.028211 ,
       -0.3628   ,  0.43823  ,  0.047511 ,  0.20282  ,  0.49857  ,
       -0.10068  ,  0.13269  ,  0.16972  ,  0.11653  ,  0.31355  ,
        0.25713  ,  0.092783 , -0.56826  , -0.52975  , -0.051456 ,
       -0.67326  ,  0.92533  ,  0.2693   ,  0.22734  ,  0.66365  ,
        0.26221  ,  0.19719  ,  0.2609   ,  0.18774  , -0.3454   ,
       -0.42635  ,  0.13975  ,  0.56338  , -0.56907  ,  0.12398  ,
       -0.12894  ,  0.72484  , -0.26105  , -0.26314  , -0.43605  ,
        0.078908 , -0.84146  ,  0.51595  ,  1.3997   , -0.7646   ,
       -3.1453   , -0.29202  , -0.31247  ,  1.5129   ,  0.52435  ,
        0.21456  ,  0.42452  , -0.088411 , -0.17805  ,  1.1876   ,
        0.10579  ,  0.76571  ,  0.21914  ,  0.35824  , -0.11636  ,
        0.093261 , -0.62483  , -0.21898  ,  0.21796  ,  0.74056  ,
       -0.43735  ,  0.14343  ,  0.14719  , -1.1605   , -0.050508 ,
        0.12677  , -0.014395 , -0.98676  , -0.091297 , -1.2054   ,
       -0.11974  ,  0.047847 , -0.54001  ,  0.52457  , -0.70963  ,
       -0.32528  , -0.1346   , -0.41314  ,  0.33435  , -0.0072412,
        0.32253  , -0.044219 , -1.2969   ,  0.76217  ,  0.46349  ],
      dtype=float32), array([-0.038194, -0.24487 ,  0.72812 , -0.39961 ,  0.083172,  0.043953,
       -0.39141 ,  0.3344  , -0.57545 ,  0.087459,  0.28787 , -0.06731 ,
        0.30906 , -0.26384 , -0.13231 , -0.20757 ,  0.33395 , -0.33848 ,
       -0.31743 , -0.48336 ,  0.1464  , -0.37304 ,  0.34577 ,  0.052041,
        0.44946 , -0.46971 ,  0.02628 , -0.54155 , -0.15518 , -0.14107 ,
       -0.039722,  0.28277 ,  0.14393 ,  0.23464 , -0.31021 ,  0.086173,
        0.20397 ,  0.52624 ,  0.17164 , -0.082378, -0.71787 , -0.41531 ,
        0.20335 , -0.12763 ,  0.41367 ,  0.55187 ,  0.57908 , -0.33477 ,
       -0.36559 , -0.54857 , -0.062892,  0.26584 ,  0.30205 ,  0.99775 ,
       -0.80481 , -3.0243  ,  0.01254 , -0.36942 ,  2.2167  ,  0.72201 ,
       -0.24978 ,  0.92136 ,  0.034514,  0.46745 ,  1.1079  , -0.19358 ,
       -0.074575,  0.23353 , -0.052062, -0.22044 ,  0.057162, -0.15806 ,
       -0.30798 , -0.41625 ,  0.37972 ,  0.15006 , -0.53212 , -0.2055  ,
       -1.2526  ,  0.071624,  0.70565 ,  0.49744 , -0.42063 ,  0.26148 ,
       -1.538   , -0.30223 , -0.073438, -0.28312 ,  0.37104 , -0.25217 ,
        0.016215, -0.017099, -0.38984 ,  0.87424 , -0.72569 , -0.51058 ,
       -0.52028 , -0.1459  ,  0.8278  ,  0.27062 ], dtype=float32), array([ 0.24351  , -0.89496  ,  0.95934  ,  0.0052965,  0.73556  ,
        0.33376  ,  0.64771  ,  0.1461   , -0.99012  ,  0.50003  ,
        0.17704  , -0.81423  , -0.0061571, -0.92693  , -0.22845  ,
        0.24731  ,  0.13486  , -0.47572  , -0.30128  , -0.88969  ,
        0.51543  ,  0.36763  ,  0.91346  ,  0.38033  ,  0.38433  ,
       -0.11444  ,  0.031019 ,  0.046143 ,  0.85593  , -0.50636  ,
       -0.98498  ,  0.47493  ,  0.17401  , -0.017795 ,  0.22199  ,
        0.072234 , -0.97573  ,  0.0071972, -0.18978  ,  0.64779  ,
        0.60807  ,  0.41689  ,  0.2034   ,  0.15518  ,  0.38902  ,
        0.50733  ,  0.46273  , -0.21175  , -0.12848  , -0.34455  ,
       -0.39337  , -0.20062  , -1.0309   , -0.078098 , -1.0421   ,
       -0.7017   ,  0.089451 , -0.11233  ,  0.3054   , -0.11513  ,
       -0.60127  ,  0.65708  ,  0.45595  ,  0.69203  , -0.29373  ,
       -0.34841  , -0.56333  ,  0.11689  , -0.12981  , -0.1472   ,
        0.59657  ,  0.34059  ,  0.036687 , -0.33906  ,  0.14042  ,
        0.42167  , -0.67365  , -0.51269  , -0.097329 ,  0.060735 ,
       -0.26961  ,  0.39231  , -0.39717  ,  0.18528  , -0.35122  ,
       -0.44657  ,  0.021824 , -0.21369  ,  1.2503   , -0.077234 ,
       -0.5388   , -0.032413 , -0.11881  ,  0.43464  , -0.60013  ,
       -0.28666  ,  1.3615   ,  0.088137 , -0.6164   , -0.21513  ],
      dtype=float32), array([-0.065639 , -0.13032  ,  0.20153  , -0.7977   ,  0.70038  ,
       -0.004291 ,  0.10403  ,  0.10836  , -0.34983  , -0.0046581,
        0.066052 , -0.89331  ,  0.62866  ,  0.43761  , -0.53883  ,
       -0.31933  ,  0.58638  , -0.58586  , -0.71482  ,  0.19345  ,
       -0.35877  ,  0.3128   ,  0.066406 , -0.64419  , -0.1961   ,
       -0.71151  ,  0.06303  , -0.916    ,  1.0616   ,  0.87084  ,
        0.036968 ,  0.89208  , -0.12645  , -0.32368  , -0.20553  ,
       -0.11166  ,  0.59213  ,  0.51117  ,  0.11003  , -0.084943 ,
       -1.1602   ,  0.17524  ,  1.1238   , -0.20649  ,  0.32763  ,
        0.15242  , -0.22726  , -0.32355  , -0.62746  , -0.074762 ,
       -0.50454  , -0.46012  ,  0.075323 ,  0.26468  , -0.52413  ,
       -1.969    ,  0.052213 , -0.47241  ,  1.2801   ,  1.1208   ,
       -0.09857  ,  0.022901 , -0.07832  ,  0.5694   ,  0.88665  ,
       -0.204    , -0.089734 ,  1.0919   ,  1.0696   ,  0.12396  ,
        0.69895  , -0.46614  , -0.39356  , -0.38662  , -0.0754   ,
       -0.12359  , -0.38824  , -0.87877  , -0.85927  , -0.74879  ,
        0.10823  ,  0.011827 ,  0.36351  , -0.32309  , -1.0109   ,
       -0.40791  , -0.06063  , -0.091592 ,  0.88296  , -0.38856  ,
        0.12382  , -0.29064  , -0.0040997,  0.85587  , -0.26809  ,
        0.29908  , -0.24971  , -0.39891  ,  0.51296  , -0.69971  ],
      dtype=float32), array([-0.1529  , -0.24279 ,  0.89837 ,  0.16996 ,  0.53516 ,  0.48784 ,
       -0.58826 , -0.17982 , -1.3581  ,  0.42541 ,  0.15377 ,  0.24215 ,
        0.13474 ,  0.41193 ,  0.67043 , -0.56418 ,  0.42985 , -0.012183,
       -0.11677 ,  0.31781 ,  0.054177, -0.054273,  0.35516 , -0.30241 ,
        0.31434 , -0.33846 ,  0.71715 , -0.26855 , -0.15837 , -0.47467 ,
        0.051581, -0.33252 ,  0.15003 , -0.1299  , -0.54617 , -0.37843 ,
        0.64261 ,  0.82187 , -0.080006,  0.078479, -0.96976 , -0.57741 ,
        0.56491 , -0.39873 , -0.057099,  0.19743 ,  0.065706, -0.48092 ,
       -0.20125 , -0.40834 ,  0.39456 , -0.02642 , -0.11838 ,  1.012   ,
       -0.53171 , -2.7474  , -0.042981, -0.74849 ,  1.7574  ,  0.59085 ,
        0.04885 ,  0.78267 ,  0.38497 ,  0.42097 ,  0.67882 ,  0.10337 ,
        0.6328  , -0.026595,  0.58647 , -0.44332 ,  0.33057 , -0.12022 ,
       -0.55645 ,  0.073611,  0.20915 ,  0.43395 , -0.012761,  0.089874,
       -1.7991  ,  0.084808,  0.77112 ,  0.63105 , -0.90685 ,  0.60326 ,
       -1.7515  ,  0.18596 , -0.50687 , -0.70203 ,  0.66578 , -0.81304 ,
        0.18712 , -0.018488, -0.26757 ,  0.727   , -0.59363 , -0.34839 ,
       -0.56094 , -0.591   ,  1.0039  ,  0.20664 ], dtype=float32)]"
Who won the Cricket World Cup in 2023?,"[array([ 0.76222  ,  0.4244   ,  0.52142  , -0.17333  ,  0.88267  ,
       -0.34731  ,  0.56977  ,  0.56831  , -1.1566   , -0.1112   ,
        0.65045  , -0.327    , -0.59486  , -0.11525  , -0.61917  ,
       -0.26306  ,  0.099659 ,  0.19816  , -0.029884 ,  0.51016  ,
        1.0697   ,  0.43445  ,  0.73357  ,  0.4988   ,  0.7165   ,
       -0.68969  , -0.17862  , -0.82457  ,  1.2123   , -1.0012   ,
       -0.10805  ,  0.79784  , -0.0074444,  0.31013  ,  0.52086  ,
       -0.33906  , -0.24449  ,  1.4257   , -1.3048   ,  0.64268  ,
       -0.064299 , -0.52785  ,  0.24627  , -0.71255  ,  0.15777  ,
       -0.37284  ,  0.76634  , -0.83944  ,  0.38903  , -0.72386  ,
       -1.0251   , -0.39154  ,  0.77334  ,  1.0487   ,  0.077734 ,
       -2.3149   ,  0.22371  ,  0.60979  ,  0.45228  ,  0.28971  ,
       -0.1929   ,  0.023149 , -0.74615  ,  0.7548   ,  0.62112  ,
       -0.034022 ,  0.016985 ,  1.0178   , -0.14847  ,  0.47618  ,
       -0.18533  ,  0.8837   , -0.76806  ,  0.42934  , -0.4407   ,
        0.50914  , -0.99371  , -0.0265   , -1.0665   , -0.27986  ,
        0.61159  , -0.067872 , -0.14687  , -0.029796 , -0.60673  ,
       -0.29901  , -0.37141  ,  0.31543  ,  0.59648  ,  0.055415 ,
       -0.078148 , -0.21809  , -0.020038 ,  1.0129   , -0.51481  ,
        0.45144  , -0.59261  ,  0.52001  ,  0.5746   ,  0.25853  ],
      dtype=float32), array([-0.038194, -0.24487 ,  0.72812 , -0.39961 ,  0.083172,  0.043953,
       -0.39141 ,  0.3344  , -0.57545 ,  0.087459,  0.28787 , -0.06731 ,
        0.30906 , -0.26384 , -0.13231 , -0.20757 ,  0.33395 , -0.33848 ,
       -0.31743 , -0.48336 ,  0.1464  , -0.37304 ,  0.34577 ,  0.052041,
        0.44946 , -0.46971 ,  0.02628 , -0.54155 , -0.15518 , -0.14107 ,
       -0.039722,  0.28277 ,  0.14393 ,  0.23464 , -0.31021 ,  0.086173,
        0.20397 ,  0.52624 ,  0.17164 , -0.082378, -0.71787 , -0.41531 ,
        0.20335 , -0.12763 ,  0.41367 ,  0.55187 ,  0.57908 , -0.33477 ,
       -0.36559 , -0.54857 , -0.062892,  0.26584 ,  0.30205 ,  0.99775 ,
       -0.80481 , -3.0243  ,  0.01254 , -0.36942 ,  2.2167  ,  0.72201 ,
       -0.24978 ,  0.92136 ,  0.034514,  0.46745 ,  1.1079  , -0.19358 ,
       -0.074575,  0.23353 , -0.052062, -0.22044 ,  0.057162, -0.15806 ,
       -0.30798 , -0.41625 ,  0.37972 ,  0.15006 , -0.53212 , -0.2055  ,
       -1.2526  ,  0.071624,  0.70565 ,  0.49744 , -0.42063 ,  0.26148 ,
       -1.538   , -0.30223 , -0.073438, -0.28312 ,  0.37104 , -0.25217 ,
        0.016215, -0.017099, -0.38984 ,  0.87424 , -0.72569 , -0.51058 ,
       -0.52028 , -0.1459  ,  0.8278  ,  0.27062 ], dtype=float32), array([ 0.085703, -0.22201 ,  0.16569 ,  0.13373 ,  0.38239 ,  0.35401 ,
        0.01287 ,  0.22461 , -0.43817 ,  0.50164 , -0.35874 , -0.34983 ,
        0.055156,  0.69648 , -0.17958 ,  0.067926,  0.39101 ,  0.16039 ,
       -0.26635 , -0.21138 ,  0.53698 ,  0.49379 ,  0.9366  ,  0.66902 ,
        0.21793 , -0.46642 ,  0.22383 , -0.36204 , -0.17656 ,  0.1748  ,
       -0.20367 ,  0.13931 ,  0.019832, -0.10413 , -0.20244 ,  0.55003 ,
       -0.1546  ,  0.98655 , -0.26863 , -0.2909  , -0.32866 , -0.34188 ,
       -0.16943 , -0.42001 , -0.046727, -0.16327 ,  0.70824 , -0.74911 ,
       -0.091559, -0.96178 , -0.19747 ,  0.10282 ,  0.55221 ,  1.3816  ,
       -0.65636 , -3.2502  , -0.31556 , -1.2055  ,  1.7709  ,  0.4026  ,
       -0.79827 ,  1.1597  , -0.33042 ,  0.31382 ,  0.77386 ,  0.22595 ,
        0.52471 , -0.034053,  0.32048 ,  0.079948,  0.17752 , -0.49426 ,
       -0.70045 , -0.44569 ,  0.17244 ,  0.20278 ,  0.023292, -0.20677 ,
       -1.0158  ,  0.18325 ,  0.56752 ,  0.31821 , -0.65011 ,  0.68277 ,
       -0.86585 , -0.059392, -0.29264 , -0.55668 , -0.34705 , -0.32895 ,
        0.40215 , -0.12746 , -0.20228 ,  0.87368 , -0.545   ,  0.79205 ,
       -0.20695 , -0.074273,  0.75808 , -0.34243 ], dtype=float32)]"
Who defeated India in Cricket World Cup final in 2023?,"[array([-0.55123 , -0.071932,  0.64235 , -0.40988 ,  0.35406 ,  0.40888 ,
        0.4388  ,  0.031722, -0.37692 , -0.21668 ,  0.39581 , -0.30104 ,
       -0.7989  , -0.11764 , -0.031295, -0.49446 ,  0.037106,  0.31375 ,
       -0.76413 , -0.16543 ,  1.0494  , -0.63501 ,  0.97513 ,  1.0137  ,
        0.42203 , -0.31476 ,  0.3574  , -0.66615 ,  1.1729  , -0.38333 ,
       -0.047484,  0.62743 ,  0.32383 ,  0.091237,  0.38092 , -0.95142 ,
       -0.54439 ,  0.01141 , -0.35915 ,  0.10039 , -0.52717 , -0.93477 ,
        0.58992 , -0.46875 ,  0.69555 , -0.68019 ,  0.52293 ,  0.37329 ,
        0.34293 ,  0.055978, -0.97314 ,  0.40028 ,  0.52654 ,  0.45917 ,
        0.52457 , -1.7573  ,  0.28038 ,  0.23679 , -0.30295 ,  0.33086 ,
       -0.52357 , -0.721   , -0.32964 ,  0.54154 ,  0.76822 , -0.32031 ,
       -0.4174  ,  1.4876  , -0.27966 ,  0.75381 ,  0.049937, -0.12412 ,
       -0.81062 ,  0.19595 , -0.51092 , -0.048418, -0.86393 , -0.086393,
       -0.64371 ,  0.28476 ,  0.48337 , -0.12444 , -0.92868 , -0.062054,
       -0.38959 , -0.64024 , -0.75866 ,  0.59955 ,  0.045264, -0.22307 ,
        0.14018 , -0.57551 ,  0.12414 ,  1.7471  , -1.0881  , -0.40843 ,
       -0.7264  ,  0.61078 , -0.13339 , -0.86739 ], dtype=float32), array([ 0.085703, -0.22201 ,  0.16569 ,  0.13373 ,  0.38239 ,  0.35401 ,
        0.01287 ,  0.22461 , -0.43817 ,  0.50164 , -0.35874 , -0.34983 ,
        0.055156,  0.69648 , -0.17958 ,  0.067926,  0.39101 ,  0.16039 ,
       -0.26635 , -0.21138 ,  0.53698 ,  0.49379 ,  0.9366  ,  0.66902 ,
        0.21793 , -0.46642 ,  0.22383 , -0.36204 , -0.17656 ,  0.1748  ,
       -0.20367 ,  0.13931 ,  0.019832, -0.10413 , -0.20244 ,  0.55003 ,
       -0.1546  ,  0.98655 , -0.26863 , -0.2909  , -0.32866 , -0.34188 ,
       -0.16943 , -0.42001 , -0.046727, -0.16327 ,  0.70824 , -0.74911 ,
       -0.091559, -0.96178 , -0.19747 ,  0.10282 ,  0.55221 ,  1.3816  ,
       -0.65636 , -3.2502  , -0.31556 , -1.2055  ,  1.7709  ,  0.4026  ,
       -0.79827 ,  1.1597  , -0.33042 ,  0.31382 ,  0.77386 ,  0.22595 ,
        0.52471 , -0.034053,  0.32048 ,  0.079948,  0.17752 , -0.49426 ,
       -0.70045 , -0.44569 ,  0.17244 ,  0.20278 ,  0.023292, -0.20677 ,
       -1.0158  ,  0.18325 ,  0.56752 ,  0.31821 , -0.65011 ,  0.68277 ,
       -0.86585 , -0.059392, -0.29264 , -0.55668 , -0.34705 , -0.32895 ,
        0.40215 , -0.12746 , -0.20228 ,  0.87368 , -0.545   ,  0.79205 ,
       -0.20695 , -0.074273,  0.75808 , -0.34243 ], dtype=float32), array([-0.017843 , -0.27195  ,  0.83799  ,  0.14642  , -0.28723  ,
        0.1386   ,  0.48567  ,  0.98077  , -0.76238  , -0.11111  ,
        0.82916  ,  0.14238  , -0.57909  , -0.051383 , -0.16616  ,
        0.23142  , -0.0097546,  0.38259  ,  0.064446 , -0.25256  ,
        0.42843  , -0.51579  ,  0.29299  ,  0.94191  ,  0.5477   ,
       -0.26202  ,  0.21106  , -0.35204  ,  0.5814   , -0.48902  ,
       -1.006    , -0.29449  ,  0.14374  , -0.35734  ,  0.24252  ,
       -0.59096  , -0.60184  ,  0.4506   , -0.77983  ,  0.32268  ,
       -0.27777  , -0.54972  ,  0.58474  , -0.26692  ,  0.39045  ,
       -0.14097  ,  0.21463  , -0.69946  , -0.10231  , -0.84696  ,
        0.096677 , -0.061519 ,  0.43045  ,  0.97822  ,  0.024302 ,
       -3.173    , -0.17396  ,  0.048538 ,  1.0517   ,  0.93481  ,
       -0.78422  ,  0.24473  , -0.38961  ,  0.020444 ,  0.74497  ,
       -0.66549  , -0.70498  ,  1.0324   , -0.88419  , -0.6508   ,
       -0.50348  ,  0.10102  , -0.0039946, -0.41952  ,  0.098858 ,
        0.4814   , -0.71194  , -0.6037   , -0.48773  , -0.37104  ,
        0.5639   , -0.089004 , -0.065247 ,  0.047894 , -1.4592   ,
       -0.31187  , -0.097071 , -0.27491  ,  0.4416   ,  0.44913  ,
       -0.14337  ,  0.47421  , -0.43148  ,  1.0127   , -0.27314  ,
       -0.048961 ,  0.065848 ,  0.60822  ,  0.58346  ,  0.12563  ],
      dtype=float32), array([ 0.085703, -0.22201 ,  0.16569 ,  0.13373 ,  0.38239 ,  0.35401 ,
        0.01287 ,  0.22461 , -0.43817 ,  0.50164 , -0.35874 , -0.34983 ,
        0.055156,  0.69648 , -0.17958 ,  0.067926,  0.39101 ,  0.16039 ,
       -0.26635 , -0.21138 ,  0.53698 ,  0.49379 ,  0.9366  ,  0.66902 ,
        0.21793 , -0.46642 ,  0.22383 , -0.36204 , -0.17656 ,  0.1748  ,
       -0.20367 ,  0.13931 ,  0.019832, -0.10413 , -0.20244 ,  0.55003 ,
       -0.1546  ,  0.98655 , -0.26863 , -0.2909  , -0.32866 , -0.34188 ,
       -0.16943 , -0.42001 , -0.046727, -0.16327 ,  0.70824 , -0.74911 ,
       -0.091559, -0.96178 , -0.19747 ,  0.10282 ,  0.55221 ,  1.3816  ,
       -0.65636 , -3.2502  , -0.31556 , -1.2055  ,  1.7709  ,  0.4026  ,
       -0.79827 ,  1.1597  , -0.33042 ,  0.31382 ,  0.77386 ,  0.22595 ,
        0.52471 , -0.034053,  0.32048 ,  0.079948,  0.17752 , -0.49426 ,
       -0.70045 , -0.44569 ,  0.17244 ,  0.20278 ,  0.023292, -0.20677 ,
       -1.0158  ,  0.18325 ,  0.56752 ,  0.31821 , -0.65011 ,  0.68277 ,
       -0.86585 , -0.059392, -0.29264 , -0.55668 , -0.34705 , -0.32895 ,
        0.40215 , -0.12746 , -0.20228 ,  0.87368 , -0.545   ,  0.79205 ,
       -0.20695 , -0.074273,  0.75808 , -0.34243 ], dtype=float32)]"
Name the former prime minister of Japan that was assassinated in 2022?,"[array([-0.038194, -0.24487 ,  0.72812 , -0.39961 ,  0.083172,  0.043953,
       -0.39141 ,  0.3344  , -0.57545 ,  0.087459,  0.28787 , -0.06731 ,
        0.30906 , -0.26384 , -0.13231 , -0.20757 ,  0.33395 , -0.33848 ,
       -0.31743 , -0.48336 ,  0.1464  , -0.37304 ,  0.34577 ,  0.052041,
        0.44946 , -0.46971 ,  0.02628 , -0.54155 , -0.15518 , -0.14107 ,
       -0.039722,  0.28277 ,  0.14393 ,  0.23464 , -0.31021 ,  0.086173,
        0.20397 ,  0.52624 ,  0.17164 , -0.082378, -0.71787 , -0.41531 ,
        0.20335 , -0.12763 ,  0.41367 ,  0.55187 ,  0.57908 , -0.33477 ,
       -0.36559 , -0.54857 , -0.062892,  0.26584 ,  0.30205 ,  0.99775 ,
       -0.80481 , -3.0243  ,  0.01254 , -0.36942 ,  2.2167  ,  0.72201 ,
       -0.24978 ,  0.92136 ,  0.034514,  0.46745 ,  1.1079  , -0.19358 ,
       -0.074575,  0.23353 , -0.052062, -0.22044 ,  0.057162, -0.15806 ,
       -0.30798 , -0.41625 ,  0.37972 ,  0.15006 , -0.53212 , -0.2055  ,
       -1.2526  ,  0.071624,  0.70565 ,  0.49744 , -0.42063 ,  0.26148 ,
       -1.538   , -0.30223 , -0.073438, -0.28312 ,  0.37104 , -0.25217 ,
        0.016215, -0.017099, -0.38984 ,  0.87424 , -0.72569 , -0.51058 ,
       -0.52028 , -0.1459  ,  0.8278  ,  0.27062 ], dtype=float32), array([-0.11333  ,  0.0294   ,  0.73019  , -0.66437  ,  0.82147  ,
        0.12628  ,  0.18466  , -0.41714  , -0.66157  ,  0.45328  ,
        0.1249   , -0.32654  ,  0.36087  ,  0.40208  , -0.19117  ,
       -0.54911  ,  1.0127   , -1.0461   , -0.80564  ,  0.36514  ,
        0.15841  ,  0.24938  ,  0.34687  ,  0.30408  , -0.021616 ,
       -0.88272  ,  0.0069813, -1.0256   ,  0.37497  ,  0.41974  ,
        0.44849  ,  0.77445  , -0.037449 , -0.3453   , -0.54241  ,
        0.40204  ,  0.14671  ,  0.50425  ,  0.38215  , -0.14022  ,
       -0.84637  , -0.58039  ,  1.0166   , -0.22128  ,  0.69268  ,
        1.0148   ,  0.034793 , -0.18384  ,  0.051851 , -0.0072091,
       -0.22334  , -0.58012  ,  0.15722  ,  0.66378  ,  0.31309  ,
       -2.1431   , -0.76643  ,  0.22772  ,  1.1524   ,  0.69464  ,
       -0.18987  , -0.097813 ,  0.3914   , -0.057835 ,  1.0882   ,
       -0.36599  ,  1.1016   ,  1.1119   ,  0.052827 ,  0.92158  ,
        0.19927  , -0.073714 , -0.72451  , -0.34681  , -0.014736 ,
       -0.54484  ,  0.17422  ,  0.39317  , -0.84435  , -0.13122  ,
        1.338    , -0.05649  ,  0.52051  , -0.46969  , -0.95412  ,
       -0.092813 , -0.13584  ,  1.0748   ,  0.53746  , -1.3292   ,
        0.18121  , -0.55782  ,  0.043063 ,  0.99446  , -0.44207  ,
       -0.53994  , -0.51284  ,  0.62304  ,  0.11044  ,  0.027501 ],
      dtype=float32), array([-1.6661   , -0.62657  ,  0.5335   ,  1.0205   ,  0.099005 ,
       -0.65126  , -0.4646   , -0.28522  , -0.0072532, -0.026939 ,
       -0.59671  , -0.047131 , -0.52331  ,  0.48343  ,  0.41257  ,
       -0.60108  , -0.52543  , -0.4581   , -0.86007  ,  0.32008  ,
       -0.343    , -0.35131  ,  0.24764  , -0.40328  ,  0.37384  ,
       -0.72148  ,  0.72147  ,  0.39532  ,  0.41643  ,  0.24387  ,
        0.78827  ,  0.91251  ,  0.1538   ,  0.20763  , -0.29269  ,
        0.71927  ,  0.14237  ,  0.16828  , -0.80834  , -0.67418  ,
       -0.40705  ,  0.3054   ,  1.7888   ,  0.043533 ,  0.64582  ,
        0.29556  , -0.3358   , -0.20917  , -0.13116  , -0.22704  ,
       -0.013127 , -0.57762  ,  0.82476  ,  1.641    , -0.2408   ,
       -2.0499   , -0.82874  ,  1.4035   ,  1.4034   ,  0.69219  ,
       -0.36658  , -0.20563  , -0.12103  , -0.29613  ,  1.3567   ,
        0.69909  ,  0.39955  ,  0.57454  ,  0.14572  , -0.25988  ,
        0.019767 , -0.76925  , -0.74859  , -0.93975  , -0.68152  ,
        0.40152  , -0.9524   ,  0.973    , -0.89023  ,  0.018017 ,
        0.76014  ,  0.22403  ,  0.16722  , -0.69412  , -0.39828  ,
       -0.74424  , -0.038496 ,  1.1074   ,  0.3545   , -1.3641   ,
        0.4864   , -0.24225  , -0.21588  ,  0.67136  , -1.1005   ,
        0.14955  ,  0.16391  , -0.31345  ,  0.4342   , -0.30218  ],
      dtype=float32), array([-1.5181   , -0.74831  ,  0.26892  ,  0.63476  ,  0.32357  ,
       -0.95472  , -0.6337   ,  0.13456  ,  0.49422  ,  0.24721  ,
       -0.63219  , -0.010343 , -0.54033  ,  1.1952   ,  0.36358  ,
       -0.79503  , -0.4432   , -0.71616  , -1.8854   ,  0.15682  ,
       -0.34752  , -0.035672 ,  0.26559  , -0.17897  , -0.30657  ,
       -0.45384  ,  0.32952  , -0.008902 ,  0.49161  ,  0.3208   ,
       -0.27389  ,  0.56355  , -0.13763  , -0.23259  , -0.81422  ,
        0.23789  , -0.079768 ,  0.55482  , -1.0685   , -0.37092  ,
       -0.57952  , -0.19947  ,  1.7246   ,  0.037072 ,  0.90249  ,
       -0.38501  , -0.27391  , -0.0041161, -0.49732  , -0.29864  ,
        0.52018  , -0.46142  ,  0.73608  ,  1.4288   , -0.28658  ,
       -1.7579   , -0.96038  ,  1.4184   ,  1.3213   ,  0.90666  ,
        0.098256 , -0.68313  , -0.08813  , -0.7653   ,  0.60155  ,
        0.56895  ,  0.66207  ,  0.68117  ,  0.68739  , -0.2526   ,
        0.36769  , -0.71332  , -0.57661  , -1.4502   , -0.26336  ,
        0.51095  , -1.0664   ,  1.3521   , -0.91373  , -0.15711  ,
        0.77271  ,  0.23702  ,  0.41194  , -0.59416  , -0.61156  ,
       -0.82853  ,  0.14085  ,  0.75951  ,  0.45324  , -1.6896   ,
        1.1959   , -0.67534  , -0.44309  ,  0.75635  , -0.69421  ,
        0.47412  , -0.15753  , -0.50286  ,  0.05486  , -0.81682  ],
      dtype=float32), array([-0.1529  , -0.24279 ,  0.89837 ,  0.16996 ,  0.53516 ,  0.48784 ,
       -0.58826 , -0.17982 , -1.3581  ,  0.42541 ,  0.15377 ,  0.24215 ,
        0.13474 ,  0.41193 ,  0.67043 , -0.56418 ,  0.42985 , -0.012183,
       -0.11677 ,  0.31781 ,  0.054177, -0.054273,  0.35516 , -0.30241 ,
        0.31434 , -0.33846 ,  0.71715 , -0.26855 , -0.15837 , -0.47467 ,
        0.051581, -0.33252 ,  0.15003 , -0.1299  , -0.54617 , -0.37843 ,
        0.64261 ,  0.82187 , -0.080006,  0.078479, -0.96976 , -0.57741 ,
        0.56491 , -0.39873 , -0.057099,  0.19743 ,  0.065706, -0.48092 ,
       -0.20125 , -0.40834 ,  0.39456 , -0.02642 , -0.11838 ,  1.012   ,
       -0.53171 , -2.7474  , -0.042981, -0.74849 ,  1.7574  ,  0.59085 ,
        0.04885 ,  0.78267 ,  0.38497 ,  0.42097 ,  0.67882 ,  0.10337 ,
        0.6328  , -0.026595,  0.58647 , -0.44332 ,  0.33057 , -0.12022 ,
       -0.55645 ,  0.073611,  0.20915 ,  0.43395 , -0.012761,  0.089874,
       -1.7991  ,  0.084808,  0.77112 ,  0.63105 , -0.90685 ,  0.60326 ,
       -1.7515  ,  0.18596 , -0.50687 , -0.70203 ,  0.66578 , -0.81304 ,
        0.18712 , -0.018488, -0.26757 ,  0.727   , -0.59363 , -0.34839 ,
       -0.56094 , -0.591   ,  1.0039  ,  0.20664 ], dtype=float32), array([-9.3337e-02,  1.9043e-01,  6.8457e-01, -4.1548e-01, -2.2777e-01,
       -1.1803e-01, -9.5434e-02,  1.9613e-01,  1.7785e-01, -2.0244e-02,
       -5.5409e-02,  3.3867e-01,  7.9396e-01, -4.7126e-02,  4.4281e-01,
       -6.1266e-02,  2.0796e-01,  3.4094e-02, -6.4751e-01,  3.5874e-01,
        1.3936e-01, -6.8310e-01,  2.5596e-01, -1.2911e-01,  2.6080e-01,
       -1.1674e-01,  2.4925e-02, -6.0259e-01, -4.1474e-01, -5.1104e-01,
        1.4936e-01,  7.9977e-01, -1.2716e-01,  4.0474e-01, -2.1435e-01,
        4.7031e-01,  4.9000e-01,  4.8886e-01, -1.7772e-01, -1.8861e-01,
       -7.8391e-01, -1.4158e-01,  2.2169e-01, -2.2078e-01, -3.0509e-01,
       -1.0837e-01,  5.7168e-01, -7.8320e-01, -1.6328e-01, -7.6131e-01,
        8.0873e-02,  6.7217e-04,  4.4713e-01,  1.3434e+00, -2.0014e-01,
       -2.8680e+00, -2.6470e-03, -3.9858e-01,  1.8379e+00,  1.2211e+00,
       -1.6066e-01,  6.5853e-01,  2.6946e-01,  2.7212e-01,  9.4735e-01,
        2.4372e-01,  8.1940e-01,  6.7740e-01,  6.3485e-02, -5.5934e-01,
        4.5541e-01, -6.4684e-01, -3.4702e-02, -4.5566e-01,  2.1847e-01,
       -5.1689e-02,  3.2299e-01, -2.2961e-02, -1.7955e+00,  3.1217e-01,
        7.6227e-01, -2.3191e-01, -1.0133e+00, -6.4374e-03, -1.8135e+00,
       -7.5221e-01,  2.8362e-01, -3.0815e-01, -4.3853e-01, -6.2654e-01,
        1.3213e-01, -5.4725e-01, -4.7478e-01, -7.9727e-03, -1.5112e-01,
       -2.9326e-01, -3.5118e-01, -6.8175e-01,  2.8804e-01,  5.4893e-01],
      dtype=float32), array([ 1.3717e-01, -5.4287e-01,  1.9419e-01, -2.9953e-01,  1.7545e-01,
        8.4672e-02,  6.7752e-01,  9.8295e-02, -3.5611e-02,  2.1334e-01,
        5.1663e-01,  2.0687e-01,  4.4082e-01, -3.3655e-01,  5.6025e-01,
       -6.8790e-01,  5.1957e-01, -2.1258e-01, -5.2708e-01, -1.2249e-01,
        3.3099e-01,  2.6448e-02,  5.9007e-01,  6.5469e-03,  4.5405e-01,
       -3.3884e-01, -2.8261e-01, -2.4633e-01,  1.0847e-01,  3.1640e-01,
       -1.5368e-01,  7.3503e-01,  1.1858e-01,  7.0842e-01,  7.5081e-02,
        2.9738e-01, -1.1395e-01,  4.0807e-01, -4.2531e-02, -2.1301e-01,
       -7.9849e-01, -1.2703e-01,  7.5200e-01, -4.1746e-01,  4.6615e-01,
       -3.9097e-02,  6.5961e-01, -3.2336e-01,  4.4200e-01, -9.4137e-01,
       -2.3125e-01, -3.0604e-01,  7.9912e-01,  1.4581e+00, -8.8199e-01,
       -3.0041e+00, -7.5243e-01, -2.0503e-01,  1.1998e+00,  9.4881e-01,
        3.0649e-01,  4.8411e-01, -7.5720e-01,  6.5856e-01,  7.0107e-01,
       -9.3141e-01,  5.2928e-01,  2.3323e-01,  1.8857e-01,  3.8691e-01,
        1.1489e-02, -3.1937e-01,  1.1858e-02,  2.2944e-01,  1.7764e-01,
        1.6868e-01,  1.4003e-01,  5.8647e-01, -1.5447e+00, -6.4425e-02,
       -6.4711e-04,  1.3606e-01, -3.2695e-01,  1.0043e-01, -1.5460e+00,
       -5.4760e-01,  2.1027e-01, -6.7195e-01, -1.5970e-01, -6.8271e-01,
       -2.2043e-01, -8.7088e-01, -1.6248e-01,  8.3086e-01, -2.3045e-01,
        1.9864e-01, -5.1892e-02, -5.2057e-01,  2.5434e-01, -2.3759e-01],
      dtype=float32), array([-0.51778  , -0.97404  , -0.49655  ,  0.039113 ,  0.70397  ,
        0.78977  ,  0.41707  , -0.41664  ,  0.075561 ,  0.51525  ,
        0.15781  ,  0.4753   ,  0.62865  ,  0.44607  ,  0.0023694,
       -0.16551  , -0.13476  , -0.02731  , -1.0157   ,  0.41827  ,
        0.65787  , -0.92743  ,  0.39738  ,  0.2225   ,  0.087528 ,
       -0.51473  , -0.55901  ,  0.087538 ,  1.0203   ,  0.39056  ,
        1.3836   ,  0.69447  ,  0.068447 ,  0.19996  , -0.64278  ,
        0.031488 ,  0.3096   ,  0.45686  ,  0.26575  ,  0.13698  ,
       -0.48692  ,  0.42374  ,  1.664    , -0.099229 ,  0.20831  ,
       -0.041319 ,  0.38675  ,  0.30358  , -0.59704  , -0.42861  ,
       -0.46392  , -0.62919  ,  0.23297  ,  0.95559  , -0.45674  ,
       -0.17986  , -0.6943   ,  0.97918  ,  0.37394  , -0.15787  ,
       -0.23877  ,  0.91993  ,  0.51118  , -0.1524   ,  0.25827  ,
       -0.031679 ,  0.21949  ,  0.15973  ,  0.032927 ,  0.82926  ,
        0.14886  , -1.1687   , -0.72039  , -0.082092 , -1.2559   ,
       -0.77362  ,  0.21675  , -0.14417  , -0.84342  , -0.34641  ,
       -0.10491  ,  0.66588  ,  0.46332  , -0.29743  ,  0.3573   ,
        0.30306  ,  0.24605  ,  0.22997  , -0.43265  , -1.3188   ,
        0.3882   , -0.12507  ,  0.22411  ,  1.1792   , -1.098    ,
        0.038627 , -0.043647 ,  0.02887  , -0.37592  , -0.72238  ],
      dtype=float32), array([ 0.085703, -0.22201 ,  0.16569 ,  0.13373 ,  0.38239 ,  0.35401 ,
        0.01287 ,  0.22461 , -0.43817 ,  0.50164 , -0.35874 , -0.34983 ,
        0.055156,  0.69648 , -0.17958 ,  0.067926,  0.39101 ,  0.16039 ,
       -0.26635 , -0.21138 ,  0.53698 ,  0.49379 ,  0.9366  ,  0.66902 ,
        0.21793 , -0.46642 ,  0.22383 , -0.36204 , -0.17656 ,  0.1748  ,
       -0.20367 ,  0.13931 ,  0.019832, -0.10413 , -0.20244 ,  0.55003 ,
       -0.1546  ,  0.98655 , -0.26863 , -0.2909  , -0.32866 , -0.34188 ,
       -0.16943 , -0.42001 , -0.046727, -0.16327 ,  0.70824 , -0.74911 ,
       -0.091559, -0.96178 , -0.19747 ,  0.10282 ,  0.55221 ,  1.3816  ,
       -0.65636 , -3.2502  , -0.31556 , -1.2055  ,  1.7709  ,  0.4026  ,
       -0.79827 ,  1.1597  , -0.33042 ,  0.31382 ,  0.77386 ,  0.22595 ,
        0.52471 , -0.034053,  0.32048 ,  0.079948,  0.17752 , -0.49426 ,
       -0.70045 , -0.44569 ,  0.17244 ,  0.20278 ,  0.023292, -0.20677 ,
       -1.0158  ,  0.18325 ,  0.56752 ,  0.31821 , -0.65011 ,  0.68277 ,
       -0.86585 , -0.059392, -0.29264 , -0.55668 , -0.34705 , -0.32895 ,
        0.40215 , -0.12746 , -0.20228 ,  0.87368 , -0.545   ,  0.79205 ,
       -0.20695 , -0.074273,  0.75808 , -0.34243 ], dtype=float32)]"
When did Chandrayaan-3 land near the south pole of the Moon?,"[array([ 3.0449e-01, -1.9628e-01,  2.0225e-01, -6.1687e-01, -6.8484e-01,
       -1.1887e-01,  8.1626e-02,  1.8906e-01,  2.2438e-01,  3.3433e-02,
        2.4649e-01,  1.0935e-01,  5.4269e-02,  1.7402e-01, -2.4224e-01,
       -1.7824e-01,  1.5826e-01,  6.3200e-01, -8.5981e-01,  3.2896e-01,
        3.3270e-01, -6.3516e-02,  4.8307e-02, -3.8986e-02, -1.5840e-01,
       -1.1808e-01, -4.8404e-01, -8.4780e-01,  5.8427e-01, -4.6182e-01,
        2.0295e-01,  8.6363e-01, -1.0949e-01,  3.2921e-01, -7.0915e-02,
        5.9007e-01, -2.7524e-02,  5.7970e-01,  3.0800e-02, -3.8447e-02,
       -5.7680e-01,  1.9498e-01, -1.2224e-01, -3.8470e-01, -5.1111e-01,
       -2.3528e-01,  4.9282e-01, -7.9400e-01,  8.4030e-02, -1.5505e+00,
        1.8491e-01,  2.6173e-01,  2.0716e-01,  9.1648e-01, -9.9980e-04,
       -2.4516e+00, -2.4172e-01, -1.9730e-01,  1.2655e+00,  1.0784e+00,
       -4.7938e-01,  9.5467e-01, -4.1407e-01,  9.3636e-02,  1.0538e+00,
       -9.9137e-02,  6.0201e-01,  6.9952e-01, -5.0105e-01, -4.9146e-02,
       -2.3436e-01, -4.9729e-01,  2.2624e-02, -6.9352e-01,  8.5958e-03,
        1.0715e-01, -3.0272e-01,  3.8256e-02, -8.0478e-01,  4.3408e-02,
        5.1528e-01, -3.9395e-01, -4.4114e-01, -1.3670e-01, -1.7644e+00,
       -6.5928e-01,  3.4359e-01, -8.8928e-02, -2.9006e-01, -7.1052e-02,
        1.9439e-01, -6.2846e-01, -8.8072e-03, -8.5936e-03, -6.4929e-01,
       -3.5085e-02, -3.7907e-01, -1.8385e-01, -1.2432e-01,  2.7468e-01],
      dtype=float32), array([-0.23701 , -0.25625 ,  0.36736 ,  0.54651 , -0.17921 , -0.31357 ,
       -0.2904  ,  0.37483 ,  0.1554  ,  0.042057,  0.24051 ,  0.40229 ,
        0.24914 , -0.34471 ,  0.49905 , -0.94084 ,  0.64286 ,  0.39378 ,
       -0.64689 ,  0.45154 ,  0.68633 ,  0.40258 ,  0.30349 , -0.2425  ,
        0.33327 , -0.29709 , -0.40238 , -0.31295 , -0.38297 , -0.23211 ,
       -0.56028 ,  0.056442,  0.55628 ,  0.12491 ,  0.16956 ,  0.10368 ,
        0.13735 ,  0.26052 , -0.031232,  0.21392 , -0.61488 , -0.86983 ,
        0.13637 , -0.25225 ,  0.31882 ,  0.027262, -0.20843 ,  0.39046 ,
       -0.10087 , -0.45202 , -0.47872 ,  0.55915 ,  0.93581 ,  1.1603  ,
        0.47039 , -1.4075  , -0.060352, -0.3759  ,  2.3537  , -0.26837 ,
        0.57483 ,  0.7263  ,  0.036203, -0.2276  ,  1.5554  , -0.40242 ,
        0.61582 , -0.178   ,  0.79446 , -0.74167 , -0.45007 , -0.22894 ,
        0.27175 , -0.66593 , -0.13622 , -0.59326 , -0.42778 ,  0.90928 ,
       -1.5197  ,  1.2062  ,  0.53572 ,  0.4507  , -0.26459 ,  0.76885 ,
       -0.15926 ,  0.28429 ,  0.077175, -0.84084 ,  0.93462 , -0.10778 ,
       -0.35291 , -0.83707 , -0.037678,  0.033523, -1.024   ,  0.15012 ,
       -0.24357 ,  0.25278 ,  0.18153 , -0.44468 ], dtype=float32), array([-0.31416  , -0.70232  ,  0.34693  ,  0.53663  , -0.080898 ,
       -0.0042711, -0.35158  ,  0.42987  , -0.13552  ,  0.24294  ,
       -0.075104 ,  0.52758  ,  0.76059  ,  0.34483  ,  0.60355  ,
       -0.53057  ,  0.61512  , -0.55031  , -0.82142  ,  0.37852  ,
        1.1153   ,  0.83774  ,  0.601    , -0.015083 ,  0.078309 ,
       -0.28224  , -0.70959  , -0.24581  , -0.14316  ,  0.20186  ,
       -0.32922  , -0.47207  ,  0.77695  ,  0.44387  ,  0.34627  ,
       -0.12042  ,  0.36393  , -0.093078 ,  0.60227  ,  0.28177  ,
       -0.061487 , -0.77608  , -0.12935  , -0.51492  ,  0.87465  ,
        0.38641  ,  0.50686  ,  0.38793  , -0.34406  ,  0.11703  ,
        0.13556  , -0.0034561,  0.18449  ,  0.87862  , -0.48197  ,
       -2.7902   , -0.87992  , -1.079    ,  1.5262   ,  0.35974  ,
       -0.21009  ,  1.2093   ,  0.24654  ,  0.069697 , -0.24437  ,
        0.4212   ,  0.49075  , -0.72326  , -0.26268  ,  0.21909  ,
       -0.2757   , -0.3568   ,  0.078958 , -0.68321  ,  0.20012  ,
       -0.35862  ,  1.3119   , -0.033313 , -0.517    ,  0.31688  ,
        0.52575  ,  0.53999  , -0.70762  , -0.27203  , -0.24229  ,
       -0.023543 ,  0.33711  , -0.32879  ,  0.57873  ,  0.10483  ,
        0.58195  , -0.16011  , -0.099334 ,  1.062    , -0.99297  ,
        0.453    ,  0.0052464,  0.29867  ,  1.0032   ,  0.15994  ],
      dtype=float32), array([-0.038194, -0.24487 ,  0.72812 , -0.39961 ,  0.083172,  0.043953,
       -0.39141 ,  0.3344  , -0.57545 ,  0.087459,  0.28787 , -0.06731 ,
        0.30906 , -0.26384 , -0.13231 , -0.20757 ,  0.33395 , -0.33848 ,
       -0.31743 , -0.48336 ,  0.1464  , -0.37304 ,  0.34577 ,  0.052041,
        0.44946 , -0.46971 ,  0.02628 , -0.54155 , -0.15518 , -0.14107 ,
       -0.039722,  0.28277 ,  0.14393 ,  0.23464 , -0.31021 ,  0.086173,
        0.20397 ,  0.52624 ,  0.17164 , -0.082378, -0.71787 , -0.41531 ,
        0.20335 , -0.12763 ,  0.41367 ,  0.55187 ,  0.57908 , -0.33477 ,
       -0.36559 , -0.54857 , -0.062892,  0.26584 ,  0.30205 ,  0.99775 ,
       -0.80481 , -3.0243  ,  0.01254 , -0.36942 ,  2.2167  ,  0.72201 ,
       -0.24978 ,  0.92136 ,  0.034514,  0.46745 ,  1.1079  , -0.19358 ,
       -0.074575,  0.23353 , -0.052062, -0.22044 ,  0.057162, -0.15806 ,
       -0.30798 , -0.41625 ,  0.37972 ,  0.15006 , -0.53212 , -0.2055  ,
       -1.2526  ,  0.071624,  0.70565 ,  0.49744 , -0.42063 ,  0.26148 ,
       -1.538   , -0.30223 , -0.073438, -0.28312 ,  0.37104 , -0.25217 ,
        0.016215, -0.017099, -0.38984 ,  0.87424 , -0.72569 , -0.51058 ,
       -0.52028 , -0.1459  ,  0.8278  ,  0.27062 ], dtype=float32), array([-0.46355 ,  0.30011 ,  1.4216  ,  0.20368 , -0.20557 , -0.20062 ,
       -0.014366,  0.74383 , -0.26145 ,  0.044727, -0.15666 ,  0.23816 ,
        0.385   ,  0.48355 ,  0.43066 , -0.36029 ,  0.69783 , -0.70803 ,
       -0.95371 , -0.51525 ,  1.4756  ,  0.66914 ,  1.1782  , -0.04645 ,
       -0.11749 ,  0.28231 , -0.13011 , -0.078877,  0.042502, -0.029801,
       -0.61864 ,  0.37803 ,  0.18971 ,  0.012878,  0.38955 , -0.45662 ,
        0.39821 , -0.036629, -0.77164 ,  0.31884 , -1.397   , -0.45901 ,
       -0.10381 , -0.24859 ,  1.0008  ,  0.32565 ,  0.8159  , -0.23511 ,
       -0.043356, -0.073391, -0.67623 ,  0.31377 ,  0.05917 ,  0.089361,
        0.050295, -2.7353  , -1.3232  , -1.1276  ,  1.617   , -0.27439 ,
       -0.49666 ,  0.062247,  0.11442 , -0.20227 ,  0.25736 ,  0.23519 ,
        0.21225 ,  1.0193  ,  0.28335 ,  0.4926  , -0.055166, -0.028122,
       -0.68347 , -0.9725  ,  0.39258 ,  0.030163,  0.42864 ,  0.68363 ,
       -0.3386  , -0.10153 ,  0.72535 ,  0.31754 , -0.054737,  0.03218 ,
       -0.85991 ,  0.086093, -0.62255 ,  0.11683 ,  0.87957 ,  0.184   ,
       -0.066925, -0.20197 , -0.32427 ,  0.52992 , -0.88029 ,  0.62955 ,
       -0.70924 , -0.046156,  0.98717 ,  0.23584 ], dtype=float32), array([ 0.24183  , -0.49506  ,  0.79713  ,  0.27108  , -0.11321  ,
       -0.68601  ,  0.3289   ,  0.12183  , -1.0253   , -0.022499 ,
        0.30304  ,  0.48517  ,  0.13644  , -0.3318   , -0.52488  ,
        0.030053 ,  0.19278  , -0.17111  ,  0.14156  , -0.60737  ,
        0.50108  ,  0.65302  ,  0.59099  ,  0.34267  ,  1.0056   ,
       -0.61378  , -0.85465  , -0.034829 ,  1.1062   , -0.53018  ,
       -0.74679  , -0.39694  ,  0.72412  ,  0.27202  ,  0.84259  ,
        0.089673 , -0.30704  ,  0.63497  ,  0.0656   ,  0.58058  ,
       -0.5694   , -0.12116  ,  0.47185  , -0.63694  , -0.7763   ,
       -0.056313 , -0.096408 , -0.28616  , -0.19782  , -0.34266  ,
       -0.45513  , -0.024731 , -0.78448  ,  1.0595   ,  0.36942  ,
       -1.5154   , -0.44535  ,  0.99258  ,  0.77743  ,  0.40459  ,
        0.25317  ,  0.30992  ,  0.33627  ,  0.78287  ,  0.68831  ,
        0.1631   ,  0.13527  , -0.30783  , -0.31638  , -0.47048  ,
       -1.0194   ,  0.79004  , -0.0043107,  0.31431  ,  0.12116  ,
        0.44674  ,  1.0329   , -0.48603  ,  0.076692 , -0.18089  ,
       -0.34339  ,  0.047624 , -0.93179  ,  0.23477  ,  0.45874  ,
       -0.19033  ,  0.94396  , -0.01917  ,  1.2966   , -0.56158  ,
       -0.58968  , -0.062583 ,  0.78418  ,  0.78071  , -0.21991  ,
       -0.15061  , -0.48598  , -0.051657 ,  0.35179  ,  0.15362  ],
      dtype=float32), array([-0.1529  , -0.24279 ,  0.89837 ,  0.16996 ,  0.53516 ,  0.48784 ,
       -0.58826 , -0.17982 , -1.3581  ,  0.42541 ,  0.15377 ,  0.24215 ,
        0.13474 ,  0.41193 ,  0.67043 , -0.56418 ,  0.42985 , -0.012183,
       -0.11677 ,  0.31781 ,  0.054177, -0.054273,  0.35516 , -0.30241 ,
        0.31434 , -0.33846 ,  0.71715 , -0.26855 , -0.15837 , -0.47467 ,
        0.051581, -0.33252 ,  0.15003 , -0.1299  , -0.54617 , -0.37843 ,
        0.64261 ,  0.82187 , -0.080006,  0.078479, -0.96976 , -0.57741 ,
        0.56491 , -0.39873 , -0.057099,  0.19743 ,  0.065706, -0.48092 ,
       -0.20125 , -0.40834 ,  0.39456 , -0.02642 , -0.11838 ,  1.012   ,
       -0.53171 , -2.7474  , -0.042981, -0.74849 ,  1.7574  ,  0.59085 ,
        0.04885 ,  0.78267 ,  0.38497 ,  0.42097 ,  0.67882 ,  0.10337 ,
        0.6328  , -0.026595,  0.58647 , -0.44332 ,  0.33057 , -0.12022 ,
       -0.55645 ,  0.073611,  0.20915 ,  0.43395 , -0.012761,  0.089874,
       -1.7991  ,  0.084808,  0.77112 ,  0.63105 , -0.90685 ,  0.60326 ,
       -1.7515  ,  0.18596 , -0.50687 , -0.70203 ,  0.66578 , -0.81304 ,
        0.18712 , -0.018488, -0.26757 ,  0.727   , -0.59363 , -0.34839 ,
       -0.56094 , -0.591   ,  1.0039  ,  0.20664 ], dtype=float32), array([-0.038194, -0.24487 ,  0.72812 , -0.39961 ,  0.083172,  0.043953,
       -0.39141 ,  0.3344  , -0.57545 ,  0.087459,  0.28787 , -0.06731 ,
        0.30906 , -0.26384 , -0.13231 , -0.20757 ,  0.33395 , -0.33848 ,
       -0.31743 , -0.48336 ,  0.1464  , -0.37304 ,  0.34577 ,  0.052041,
        0.44946 , -0.46971 ,  0.02628 , -0.54155 , -0.15518 , -0.14107 ,
       -0.039722,  0.28277 ,  0.14393 ,  0.23464 , -0.31021 ,  0.086173,
        0.20397 ,  0.52624 ,  0.17164 , -0.082378, -0.71787 , -0.41531 ,
        0.20335 , -0.12763 ,  0.41367 ,  0.55187 ,  0.57908 , -0.33477 ,
       -0.36559 , -0.54857 , -0.062892,  0.26584 ,  0.30205 ,  0.99775 ,
       -0.80481 , -3.0243  ,  0.01254 , -0.36942 ,  2.2167  ,  0.72201 ,
       -0.24978 ,  0.92136 ,  0.034514,  0.46745 ,  1.1079  , -0.19358 ,
       -0.074575,  0.23353 , -0.052062, -0.22044 ,  0.057162, -0.15806 ,
       -0.30798 , -0.41625 ,  0.37972 ,  0.15006 , -0.53212 , -0.2055  ,
       -1.2526  ,  0.071624,  0.70565 ,  0.49744 , -0.42063 ,  0.26148 ,
       -1.538   , -0.30223 , -0.073438, -0.28312 ,  0.37104 , -0.25217 ,
        0.016215, -0.017099, -0.38984 ,  0.87424 , -0.72569 , -0.51058 ,
       -0.52028 , -0.1459  ,  0.8278  ,  0.27062 ], dtype=float32)]"
Where did Chandrayaan-3 land on the Moon?,"[array([ 3.0449e-01, -1.9628e-01,  2.0225e-01, -6.1687e-01, -6.8484e-01,
       -1.1887e-01,  8.1626e-02,  1.8906e-01,  2.2438e-01,  3.3433e-02,
        2.4649e-01,  1.0935e-01,  5.4269e-02,  1.7402e-01, -2.4224e-01,
       -1.7824e-01,  1.5826e-01,  6.3200e-01, -8.5981e-01,  3.2896e-01,
        3.3270e-01, -6.3516e-02,  4.8307e-02, -3.8986e-02, -1.5840e-01,
       -1.1808e-01, -4.8404e-01, -8.4780e-01,  5.8427e-01, -4.6182e-01,
        2.0295e-01,  8.6363e-01, -1.0949e-01,  3.2921e-01, -7.0915e-02,
        5.9007e-01, -2.7524e-02,  5.7970e-01,  3.0800e-02, -3.8447e-02,
       -5.7680e-01,  1.9498e-01, -1.2224e-01, -3.8470e-01, -5.1111e-01,
       -2.3528e-01,  4.9282e-01, -7.9400e-01,  8.4030e-02, -1.5505e+00,
        1.8491e-01,  2.6173e-01,  2.0716e-01,  9.1648e-01, -9.9980e-04,
       -2.4516e+00, -2.4172e-01, -1.9730e-01,  1.2655e+00,  1.0784e+00,
       -4.7938e-01,  9.5467e-01, -4.1407e-01,  9.3636e-02,  1.0538e+00,
       -9.9137e-02,  6.0201e-01,  6.9952e-01, -5.0105e-01, -4.9146e-02,
       -2.3436e-01, -4.9729e-01,  2.2624e-02, -6.9352e-01,  8.5958e-03,
        1.0715e-01, -3.0272e-01,  3.8256e-02, -8.0478e-01,  4.3408e-02,
        5.1528e-01, -3.9395e-01, -4.4114e-01, -1.3670e-01, -1.7644e+00,
       -6.5928e-01,  3.4359e-01, -8.8928e-02, -2.9006e-01, -7.1052e-02,
        1.9439e-01, -6.2846e-01, -8.8072e-03, -8.5936e-03, -6.4929e-01,
       -3.5085e-02, -3.7907e-01, -1.8385e-01, -1.2432e-01,  2.7468e-01],
      dtype=float32), array([-0.23701 , -0.25625 ,  0.36736 ,  0.54651 , -0.17921 , -0.31357 ,
       -0.2904  ,  0.37483 ,  0.1554  ,  0.042057,  0.24051 ,  0.40229 ,
        0.24914 , -0.34471 ,  0.49905 , -0.94084 ,  0.64286 ,  0.39378 ,
       -0.64689 ,  0.45154 ,  0.68633 ,  0.40258 ,  0.30349 , -0.2425  ,
        0.33327 , -0.29709 , -0.40238 , -0.31295 , -0.38297 , -0.23211 ,
       -0.56028 ,  0.056442,  0.55628 ,  0.12491 ,  0.16956 ,  0.10368 ,
        0.13735 ,  0.26052 , -0.031232,  0.21392 , -0.61488 , -0.86983 ,
        0.13637 , -0.25225 ,  0.31882 ,  0.027262, -0.20843 ,  0.39046 ,
       -0.10087 , -0.45202 , -0.47872 ,  0.55915 ,  0.93581 ,  1.1603  ,
        0.47039 , -1.4075  , -0.060352, -0.3759  ,  2.3537  , -0.26837 ,
        0.57483 ,  0.7263  ,  0.036203, -0.2276  ,  1.5554  , -0.40242 ,
        0.61582 , -0.178   ,  0.79446 , -0.74167 , -0.45007 , -0.22894 ,
        0.27175 , -0.66593 , -0.13622 , -0.59326 , -0.42778 ,  0.90928 ,
       -1.5197  ,  1.2062  ,  0.53572 ,  0.4507  , -0.26459 ,  0.76885 ,
       -0.15926 ,  0.28429 ,  0.077175, -0.84084 ,  0.93462 , -0.10778 ,
       -0.35291 , -0.83707 , -0.037678,  0.033523, -1.024   ,  0.15012 ,
       -0.24357 ,  0.25278 ,  0.18153 , -0.44468 ], dtype=float32), array([-2.1863e-01, -4.2664e-01,  5.1960e-01,  4.3103e-03,  5.8045e-01,
       -1.0873e-01, -3.7726e-01,  4.5660e-01, -6.0627e-01, -7.5773e-02,
        1.1306e-01,  1.7703e-01,  1.6050e-01,  7.4514e-02,  6.3649e-01,
       -7.8852e-02,  7.5268e-01, -2.4962e-01, -5.1628e-01, -3.3348e-01,
        6.6754e-01, -3.4183e-01,  6.1316e-01,  3.1668e-01,  6.4846e-01,
       -7.9312e-02, -6.5219e-02, -1.7718e-01, -3.2439e-01,  5.1868e-01,
       -2.3424e-01,  3.4381e-01,  4.6851e-02,  7.4025e-01, -4.7005e-01,
        5.3685e-01, -3.5549e-01,  4.0737e-01, -9.3421e-02, -1.3439e-01,
       -4.1969e-01, -3.0041e-01,  2.8646e-01,  3.7419e-01, -4.6054e-01,
       -3.0700e-01, -3.8580e-01, -6.9317e-01, -9.2461e-04, -6.1984e-01,
        1.1978e-01,  1.4950e-01,  1.7833e-01,  1.5313e+00, -9.2445e-01,
       -3.0428e+00,  3.0761e-02, -6.4359e-01,  2.3824e+00,  5.6219e-01,
       -5.6021e-01,  1.0264e+00, -4.5143e-01,  1.4117e-01,  6.5944e-01,
        3.7572e-01,  9.8334e-02,  3.8304e-01, -7.6882e-02, -2.1781e-01,
       -2.9892e-01, -4.9458e-01,  9.5239e-02, -6.3059e-01, -6.1311e-02,
        1.7767e-01, -1.4051e-01,  4.7182e-01, -9.5891e-01,  4.5334e-02,
        8.0800e-01, -2.6867e-02, -2.7483e-01,  3.5541e-01, -8.2896e-01,
       -7.8838e-01, -7.9732e-02,  2.2941e-01, -4.5013e-01, -3.0040e-01,
       -5.2716e-01,  1.1358e-01, -4.9906e-01,  8.2700e-01, -5.6991e-01,
        2.5143e-01, -4.0266e-01, -2.9146e-01,  1.3816e+00,  1.8084e-01],
      dtype=float32), array([-0.038194, -0.24487 ,  0.72812 , -0.39961 ,  0.083172,  0.043953,
       -0.39141 ,  0.3344  , -0.57545 ,  0.087459,  0.28787 , -0.06731 ,
        0.30906 , -0.26384 , -0.13231 , -0.20757 ,  0.33395 , -0.33848 ,
       -0.31743 , -0.48336 ,  0.1464  , -0.37304 ,  0.34577 ,  0.052041,
        0.44946 , -0.46971 ,  0.02628 , -0.54155 , -0.15518 , -0.14107 ,
       -0.039722,  0.28277 ,  0.14393 ,  0.23464 , -0.31021 ,  0.086173,
        0.20397 ,  0.52624 ,  0.17164 , -0.082378, -0.71787 , -0.41531 ,
        0.20335 , -0.12763 ,  0.41367 ,  0.55187 ,  0.57908 , -0.33477 ,
       -0.36559 , -0.54857 , -0.062892,  0.26584 ,  0.30205 ,  0.99775 ,
       -0.80481 , -3.0243  ,  0.01254 , -0.36942 ,  2.2167  ,  0.72201 ,
       -0.24978 ,  0.92136 ,  0.034514,  0.46745 ,  1.1079  , -0.19358 ,
       -0.074575,  0.23353 , -0.052062, -0.22044 ,  0.057162, -0.15806 ,
       -0.30798 , -0.41625 ,  0.37972 ,  0.15006 , -0.53212 , -0.2055  ,
       -1.2526  ,  0.071624,  0.70565 ,  0.49744 , -0.42063 ,  0.26148 ,
       -1.538   , -0.30223 , -0.073438, -0.28312 ,  0.37104 , -0.25217 ,
        0.016215, -0.017099, -0.38984 ,  0.87424 , -0.72569 , -0.51058 ,
       -0.52028 , -0.1459  ,  0.8278  ,  0.27062 ], dtype=float32)]"
Who acquired Twitter in 2022?,"[array([ 9.1016e-01, -3.2978e-01, -1.9760e-01,  2.6211e-01,  5.2823e-01,
       -5.9722e-01,  6.0064e-01, -6.5593e-01,  3.2176e-02, -2.3446e-01,
        4.3027e-01, -2.1304e-01,  6.2850e-01, -3.4434e-01,  1.8545e-01,
       -9.6395e-01,  7.4195e-01,  2.7930e-01, -1.4026e-01,  1.5124e-01,
       -4.8745e-01,  2.0626e-01, -2.1404e-01,  3.2006e-01,  1.4779e-01,
       -6.1228e-01,  3.4916e-01, -3.9858e-02, -4.9280e-01,  8.0155e-02,
        4.8790e-01,  1.3806e+00, -7.3664e-01, -2.3813e-01,  1.1025e-01,
       -3.3444e-01,  1.3342e-01,  1.6569e-01, -5.9465e-01, -1.0709e-01,
        1.0385e+00, -2.6042e-01, -2.3271e-02, -4.1097e-01,  3.6296e-01,
        5.9423e-01,  3.8812e-01,  1.8154e-01,  7.0710e-01, -2.6816e-01,
       -3.4187e-01,  9.8092e-01, -1.3253e-02, -2.2488e-01,  2.0464e-01,
       -1.7064e+00, -6.6495e-01, -4.2096e-01,  1.1624e+00,  2.2939e-01,
        3.0709e-01,  6.5663e-01, -3.1398e-01,  5.8646e-02,  3.9814e-01,
       -3.6168e-01,  4.1855e-01,  3.4386e-01,  4.0906e-01,  5.8354e-01,
       -4.0529e-01,  2.1527e-01, -4.5323e-01, -1.5715e-01, -9.9243e-02,
       -3.8111e-01, -3.9821e-01,  1.6500e-02, -1.3468e+00,  4.7550e-01,
        2.9609e-01, -2.1172e-01, -1.6208e-01,  9.5496e-01, -1.1958e-01,
        4.7701e-02,  7.4057e-01, -4.3663e-01, -1.1534e-01,  1.3683e-01,
       -4.7554e-01, -1.1284e+00,  4.0332e-01, -1.5248e-03, -6.2343e-01,
        1.1199e-01, -1.0416e-01, -3.4803e-01,  3.5904e-01, -3.0586e-01],
      dtype=float32), array([ 0.085703, -0.22201 ,  0.16569 ,  0.13373 ,  0.38239 ,  0.35401 ,
        0.01287 ,  0.22461 , -0.43817 ,  0.50164 , -0.35874 , -0.34983 ,
        0.055156,  0.69648 , -0.17958 ,  0.067926,  0.39101 ,  0.16039 ,
       -0.26635 , -0.21138 ,  0.53698 ,  0.49379 ,  0.9366  ,  0.66902 ,
        0.21793 , -0.46642 ,  0.22383 , -0.36204 , -0.17656 ,  0.1748  ,
       -0.20367 ,  0.13931 ,  0.019832, -0.10413 , -0.20244 ,  0.55003 ,
       -0.1546  ,  0.98655 , -0.26863 , -0.2909  , -0.32866 , -0.34188 ,
       -0.16943 , -0.42001 , -0.046727, -0.16327 ,  0.70824 , -0.74911 ,
       -0.091559, -0.96178 , -0.19747 ,  0.10282 ,  0.55221 ,  1.3816  ,
       -0.65636 , -3.2502  , -0.31556 , -1.2055  ,  1.7709  ,  0.4026  ,
       -0.79827 ,  1.1597  , -0.33042 ,  0.31382 ,  0.77386 ,  0.22595 ,
        0.52471 , -0.034053,  0.32048 ,  0.079948,  0.17752 , -0.49426 ,
       -0.70045 , -0.44569 ,  0.17244 ,  0.20278 ,  0.023292, -0.20677 ,
       -1.0158  ,  0.18325 ,  0.56752 ,  0.31821 , -0.65011 ,  0.68277 ,
       -0.86585 , -0.059392, -0.29264 , -0.55668 , -0.34705 , -0.32895 ,
        0.40215 , -0.12746 , -0.20228 ,  0.87368 , -0.545   ,  0.79205 ,
       -0.20695 , -0.074273,  0.75808 , -0.34243 ], dtype=float32)]"
Who owns Twitter?,"[array([ 0.50264  , -0.066676 ,  0.066302 , -0.0039705,  0.76163  ,
       -0.20931  , -0.14954  ,  0.37651  , -0.11609  , -0.021239 ,
        0.74552  ,  0.08944  ,  0.39309  , -0.3836   , -0.52802  ,
       -0.59144  ,  0.53694  ,  0.10684  ,  0.53161  ,  1.0781   ,
       -0.033688 ,  1.0667   ,  0.084595 , -0.37357  ,  0.13168  ,
       -0.65404  ,  0.20305  , -0.2202   , -0.66323  ,  0.029594 ,
        0.15298  ,  1.3427   ,  0.30349  , -0.11795  ,  0.17503  ,
        0.54386  ,  0.63845  ,  0.22552  , -0.014087 , -0.12892  ,
        0.86562  , -0.10165  , -0.013322 , -0.58147  , -0.29371  ,
        0.48785  , -0.37397  , -0.035225 ,  0.3992   , -0.2643   ,
       -0.3117   ,  0.17655  ,  0.12474  , -0.1288   ,  0.2898   ,
       -1.8228   , -0.65922  ,  0.27829  ,  0.89149  ,  0.65116  ,
        0.79143  , -0.29208  ,  0.61678  , -0.49352  ,  0.10413  ,
        0.21214  ,  0.77536  ,  0.74483  ,  0.12019  ,  0.85997  ,
       -0.067375 ,  0.1587   ,  0.099953 ,  0.26159  ,  0.24318  ,
       -0.50666  ,  0.14126  , -0.39246  , -1.6026   ,  0.61925  ,
        0.58466  , -0.17508  ,  0.0077003,  0.94422  ,  0.45944  ,
       -0.38239  , -0.034389 , -0.29802  ,  0.83758  ,  0.29208  ,
        0.25347  , -0.90904  ,  0.96863  , -0.82416  , -0.96315  ,
        0.39643  , -0.036067 , -0.57039  ,  1.195    ,  0.40846  ],
      dtype=float32)]"
Who acquired Activision Blizzard in 2023?,"[array([ 9.1016e-01, -3.2978e-01, -1.9760e-01,  2.6211e-01,  5.2823e-01,
       -5.9722e-01,  6.0064e-01, -6.5593e-01,  3.2176e-02, -2.3446e-01,
        4.3027e-01, -2.1304e-01,  6.2850e-01, -3.4434e-01,  1.8545e-01,
       -9.6395e-01,  7.4195e-01,  2.7930e-01, -1.4026e-01,  1.5124e-01,
       -4.8745e-01,  2.0626e-01, -2.1404e-01,  3.2006e-01,  1.4779e-01,
       -6.1228e-01,  3.4916e-01, -3.9858e-02, -4.9280e-01,  8.0155e-02,
        4.8790e-01,  1.3806e+00, -7.3664e-01, -2.3813e-01,  1.1025e-01,
       -3.3444e-01,  1.3342e-01,  1.6569e-01, -5.9465e-01, -1.0709e-01,
        1.0385e+00, -2.6042e-01, -2.3271e-02, -4.1097e-01,  3.6296e-01,
        5.9423e-01,  3.8812e-01,  1.8154e-01,  7.0710e-01, -2.6816e-01,
       -3.4187e-01,  9.8092e-01, -1.3253e-02, -2.2488e-01,  2.0464e-01,
       -1.7064e+00, -6.6495e-01, -4.2096e-01,  1.1624e+00,  2.2939e-01,
        3.0709e-01,  6.5663e-01, -3.1398e-01,  5.8646e-02,  3.9814e-01,
       -3.6168e-01,  4.1855e-01,  3.4386e-01,  4.0906e-01,  5.8354e-01,
       -4.0529e-01,  2.1527e-01, -4.5323e-01, -1.5715e-01, -9.9243e-02,
       -3.8111e-01, -3.9821e-01,  1.6500e-02, -1.3468e+00,  4.7550e-01,
        2.9609e-01, -2.1172e-01, -1.6208e-01,  9.5496e-01, -1.1958e-01,
        4.7701e-02,  7.4057e-01, -4.3663e-01, -1.1534e-01,  1.3683e-01,
       -4.7554e-01, -1.1284e+00,  4.0332e-01, -1.5248e-03, -6.2343e-01,
        1.1199e-01, -1.0416e-01, -3.4803e-01,  3.5904e-01, -3.0586e-01],
      dtype=float32), array([ 0.085703, -0.22201 ,  0.16569 ,  0.13373 ,  0.38239 ,  0.35401 ,
        0.01287 ,  0.22461 , -0.43817 ,  0.50164 , -0.35874 , -0.34983 ,
        0.055156,  0.69648 , -0.17958 ,  0.067926,  0.39101 ,  0.16039 ,
       -0.26635 , -0.21138 ,  0.53698 ,  0.49379 ,  0.9366  ,  0.66902 ,
        0.21793 , -0.46642 ,  0.22383 , -0.36204 , -0.17656 ,  0.1748  ,
       -0.20367 ,  0.13931 ,  0.019832, -0.10413 , -0.20244 ,  0.55003 ,
       -0.1546  ,  0.98655 , -0.26863 , -0.2909  , -0.32866 , -0.34188 ,
       -0.16943 , -0.42001 , -0.046727, -0.16327 ,  0.70824 , -0.74911 ,
       -0.091559, -0.96178 , -0.19747 ,  0.10282 ,  0.55221 ,  1.3816  ,
       -0.65636 , -3.2502  , -0.31556 , -1.2055  ,  1.7709  ,  0.4026  ,
       -0.79827 ,  1.1597  , -0.33042 ,  0.31382 ,  0.77386 ,  0.22595 ,
        0.52471 , -0.034053,  0.32048 ,  0.079948,  0.17752 , -0.49426 ,
       -0.70045 , -0.44569 ,  0.17244 ,  0.20278 ,  0.023292, -0.20677 ,
       -1.0158  ,  0.18325 ,  0.56752 ,  0.31821 , -0.65011 ,  0.68277 ,
       -0.86585 , -0.059392, -0.29264 , -0.55668 , -0.34705 , -0.32895 ,
        0.40215 , -0.12746 , -0.20228 ,  0.87368 , -0.545   ,  0.79205 ,
       -0.20695 , -0.074273,  0.75808 , -0.34243 ], dtype=float32)]"
